日期,星期,事件,事件名称,需求系数
2026-03-01,周日,平季,,1.088
2026-03-02,周一,平季,,1.045
2026-03-03,周二,平季,,1.034
2026-03-04,周三,平季,,1.056
2026-03-05,周四,平季,,1.077
2026-03-06,周五,平季,,1.154
2026-03-07,周六,平季,,1.197
2026-03-08,周日,平季,,1.088
2026-03-09,周一,平季,,1.045
2026-03-10,周二,平季,,1.034
2026-03-11,周三,平季,,1.056
2026-03-12,周四,平季,,1.077
2026-03-13,周五,平季,,1.154
2026-03-14,周六,平季,,1.197
2026-03-15,周日,平季,,1.088
2026-03-16,周一,平季,,1.045
2026-03-17,周二,平季,,1.034
2026-03-18,周三,平季,,1.056
2026-03-19,周四,平季,,1.077
2026-03-20,周五,平季,,1.154
2026-03-21,周六,平季,,1.197
2026-03-22,周日,平季,,1.088
2026-03-23,周一,平季,,1.045
2026-03-24,周二,平季,,1.034
2026-03-25,周三,平季,,1.056
2026-03-26,周四,平季,,1.077
2026-03-27,周五,平季,,1.154
2026-03-28,周六,平季,,1.197
2026-03-29,周日,平季,,1.088
2026-03-30,周一,展会,国际博览中心大展,1.254
2026-03-31,周二,展会,国际博览中心大展,1.241
2026-04-01,周三,展会,国际博览中心大展,1.404
2026-04-02,周四,展会,国际博览中心大展,1.433
2026-04-03,周五,展会,国际博览中心大展,1.456
2026-04-04,周六,展会,国际博览中心大展,1.456
2026-04-05,周日,展会,国际博览中心大展,1.447
2026-04-06,周一,平季,,1.158
2026-04-07,周二,平季,,1.146
2026-04-08,周三,平季,,1.17
2026-04-09,周四,平季,,1.194
2026-04-10,周五,平季,,1.278
2026-04-11,周六,平季,,1.326
2026-04-12,周日,平季,,1.206
2026-04-13,周一,平季,,1.158
2026-04-14,周二,平季,,1.146
2026-04-15,周三,平季,,1.17
2026-04-16,周四,平季,,1.194
2026-04-17,周五,平季,,1.278
2026-04-18,周六,平季,,1.326
2026-04-19,周日,平季,,1.206
2026-04-20,周一,平季,,1.158
2026-04-21,周二,平季,,1.146
2026-04-22,周三,平季,,1.17
2026-04-23,周四,平季,,1.194
2026-04-24,周五,平季,,1.278
2026-04-25,周六,平季,,1.326
2026-04-26,周日,平季,,1.206
2026-04-27,周一,展会,长三角连锁品牌展,1.389
2026-04-28,周二,展会,长三角连锁品牌展,1.375
2026-04-29,周三,展会,长三角连锁品牌展,1.404
2026-04-30,周四,展会,长三角连锁品牌展,1.433
2026-05-01,周五,展会,长三角连锁品牌展,1.456
2026-05-02,周六,展会,长三角连锁品牌展,1.456
2026-05-03,周日,展会,长三角连锁品牌展,1.456
2026-05-04,周一,平季,,1.186
2026-05-05,周二,平季,,1.174
2026-05-06,周三,平季,,1.198
2026-05-07,周四,平季,,1.223
2026-05-08,周五,平季,,1.309
2026-05-09,周六,平季,,1.359
2026-05-10,周日,平季,,1.235
2026-05-11,周一,平季,,1.186
2026-05-12,周二,平季,,1.174
2026-05-13,周三,平季,,1.198
2026-05-14,周四,平季,,1.223
2026-05-15,周五,平季,,1.309
2026-05-16,周六,平季,,1.359
2026-05-17,周日,平季,,1.235
2026-05-18,周一,平季,,1.186
2026-05-19,周二,平季,,1.174
2026-05-20,周三,平季,,1.198
2026-05-21,周四,平季,,1.223
2026-05-22,周五,平季,,1.309
2026-05-23,周六,平季,,1.359
2026-05-24,周日,平季,,1.235
2026-05-25,周一,平季,,1.186
2026-05-26,周二,平季,,1.174
2026-05-27,周三,平季,,1.198
2026-05-28,周四,平季,,1.223
2026-05-29,周五,平季,,1.309
