日期,可用房,已售房,OCC,ADR,RevPAR,客房收入,宴会收入,事件,事件名称
2026-03-01,300,222,0.74,550.5,407.4,122220.0,0,平季,
2026-03-02,300,212,0.7066666666666667,524.0,370.3,111090.0,0,平季,
2026-03-03,300,210,0.7,534.3,374.0,112210.0,61000,平季,
2026-03-04,300,216,0.72,542.0,390.3,117080.0,0,平季,
2026-03-05,300,220,0.7333333333333333,543.7,398.7,119610.0,0,平季,
2026-03-06,300,235,0.7833333333333333,579.1,453.6,136090.0,0,平季,
2026-03-07,300,242,0.8066666666666666,607.3,489.9,146960.0,0,平季,
2026-03-08,300,222,0.74,550.4,407.3,122180.0,72000,平季,
2026-03-09,300,212,0.7066666666666667,535.5,378.4,113520.0,0,平季,
2026-03-10,300,210,0.7,545.1,381.6,114480.0,70000,平季,
2026-03-11,300,216,0.72,546.5,393.5,118050.0,62000,平季,
2026-03-12,300,220,0.7333333333333333,556.0,407.7,122310.0,0,平季,
2026-03-13,300,235,0.7833333333333333,569.1,445.8,133750.0,0,平季,
2026-03-14,300,242,0.8066666666666666,613.2,494.7,148400.0,0,平季,
2026-03-15,300,222,0.74,556.0,411.4,123430.0,129000,平季,
2026-03-16,300,212,0.7066666666666667,531.0,375.3,112580.0,0,平季,
2026-03-17,300,210,0.7,538.3,376.8,113040.0,0,平季,
2026-03-18,300,216,0.72,549.0,395.3,118590.0,0,平季,
2026-03-19,300,220,0.7333333333333333,554.8,406.9,122060.0,0,平季,
2026-03-20,300,235,0.7833333333333333,575.2,450.6,135170.0,0,平季,
2026-03-21,300,242,0.8066666666666666,624.0,503.3,151000.0,0,平季,
2026-03-22,300,222,0.74,555.0,410.7,123220.0,129000,平季,
2026-03-23,300,212,0.7066666666666667,538.9,380.8,114240.0,48000,平季,
2026-03-24,300,210,0.7,549.9,384.9,115470.0,0,平季,
2026-03-25,300,216,0.72,554.4,399.2,119760.0,0,平季,
2026-03-26,300,220,0.7333333333333333,552.1,404.9,121470.0,0,平季,
2026-03-27,300,235,0.7833333333333333,575.4,450.7,135210.0,0,平季,
2026-03-28,300,242,0.8066666666666666,617.1,497.8,149350.0,120000,平季,
2026-03-29,300,222,0.74,551.2,407.9,122370.0,81000,平季,
2026-03-30,300,257,0.8566666666666667,601.8,515.6,154670.0,79000,展会,国际博览中心大展
2026-03-31,300,254,0.8466666666666667,609.8,516.3,154890.0,119000,展会,国际博览中心大展
2026-04-01,300,286,0.9533333333333334,659.5,628.7,188620.0,31000,展会,国际博览中心大展
2026-04-02,300,294,0.98,692.0,678.2,203450.0,55000,展会,国际博览中心大展
2026-04-03,300,298,0.9933333333333333,730.4,725.5,217650.0,61000,展会,国际博览中心大展
2026-04-04,300,298,0.9933333333333333,755.7,750.7,225210.0,115000,展会,国际博览中心大展
2026-04-05,300,297,0.99,692.1,685.2,205550.0,51000,展会,国际博览中心大展
2026-04-06,300,237,0.79,583.7,461.1,138340.0,148000,平季,
2026-04-07,300,233,0.7766666666666666,593.3,460.8,138250.0,0,平季,
2026-04-08,300,238,0.7933333333333333,598.9,475.2,142550.0,0,平季,
2026-04-09,300,242,0.8066666666666666,606.6,489.3,146800.0,0,平季,
2026-04-10,300,261,0.87,650.8,566.2,169850.0,0,平季,
2026-04-11,300,270,0.9,683.1,614.8,184450.0,0,平季,
2026-04-12,300,245,0.8166666666666667,605.3,494.4,148310.0,0,平季,
2026-04-13,300,237,0.79,589.6,465.8,139730.0,0,平季,
2026-04-14,300,233,0.7766666666666666,589.1,457.5,137260.0,79000,平季,
2026-04-15,300,238,0.7933333333333333,600.3,476.2,142870.0,0,平季,
2026-04-16,300,242,0.8066666666666666,606.9,489.6,146870.0,0,平季,
2026-04-17,300,261,0.87,652.4,567.6,170280.0,0,平季,
2026-04-18,300,270,0.9,697.4,627.7,188300.0,71000,平季,
2026-04-19,300,245,0.8166666666666667,594.6,485.6,145670.0,0,平季,
2026-04-20,300,237,0.79,600.8,474.7,142400.0,0,平季,
2026-04-21,300,233,0.7766666666666666,593.2,460.7,138220.0,111000,平季,
2026-04-22,300,238,0.7933333333333333,590.1,468.1,140440.0,144000,平季,
2026-04-23,300,242,0.8066666666666666,596.7,481.3,144390.0,0,平季,
2026-04-24,300,261,0.87,650.5,565.9,169770.0,0,平季,
2026-04-25,300,270,0.9,686.1,617.5,185240.0,0,平季,
2026-04-26,300,245,0.8166666666666667,607.0,495.7,148720.0,0,平季,
2026-04-27,300,284,0.9466666666666667,662.0,626.7,188020.0,98000,展会,长三角连锁品牌展
2026-04-28,300,280,0.9333333333333333,662.1,618.0,185400.0,38000,展会,长三角连锁品牌展
2026-04-29,300,286,0.9533333333333334,678.0,646.4,193910.0,127000,展会,长三角连锁品牌展
2026-04-30,300,294,0.98,678.6,665.0,199510.0,60000,展会,长三角连锁品牌展
2026-05-01,300,298,0.9933333333333333,765.5,760.4,228130.0,30000,展会,长三角连锁品牌展
2026-05-02,300,298,0.9933333333333333,821.4,815.9,244780.0,33000,展会,长三角连锁品牌展
2026-05-03,300,298,0.9933333333333333,720.1,715.3,214600.0,129000,展会,长三角连锁品牌展
2026-05-04,300,240,0.8,618.2,494.6,148370.0,0,平季,
2026-05-05,300,238,0.7933333333333333,619.4,491.4,147420.0,0,平季,
2026-05-06,300,242,0.8066666666666666,627.3,506.0,151800.0,0,平季,
2026-05-07,300,246,0.82,638.0,523.2,156960.0,0,平季,
2026-05-08,300,268,0.8933333333333333,676.2,604.1,181230.0,0,平季,
2026-05-09,300,277,0.9233333333333333,710.6,656.2,196850.0,0,平季,
2026-05-10,300,254,0.8466666666666667,638.2,540.4,162110.0,0,平季,
2026-05-11,300,240,0.8,611.7,489.4,146810.0,0,平季,
2026-05-12,300,238,0.7933333333333333,624.3,495.3,148590.0,43000,平季,
2026-05-13,300,242,0.8066666666666666,626.9,505.7,151720.0,0,平季,
2026-05-14,300,246,0.82,636.7,522.1,156630.0,0,平季,
2026-05-15,300,268,0.8933333333333333,675.2,603.2,180950.0,123000,平季,
2026-05-16,300,277,0.9233333333333333,721.5,666.2,199860.0,69000,平季,
2026-05-17,300,254,0.8466666666666667,645.7,546.7,164000.0,0,平季,
2026-05-18,300,240,0.8,615.5,492.4,147730.0,108000,平季,
2026-05-19,300,238,0.7933333333333333,626.2,496.8,149040.0,0,平季,
2026-05-20,300,242,0.8066666666666666,630.2,508.4,152510.0,0,平季,
2026-05-21,300,246,0.82,625.3,512.8,153830.0,0,平季,
2026-05-22,300,268,0.8933333333333333,677.1,604.9,181460.0,0,平季,
2026-05-23,300,277,0.9233333333333333,719.4,664.2,199260.0,0,平季,
2026-05-24,300,254,0.8466666666666667,634.4,537.1,161130.0,104000,平季,
2026-05-25,300,240,0.8,620.7,496.5,148960.0,0,平季,
2026-05-26,300,238,0.7933333333333333,624.7,495.6,148690.0,70000,平季,
2026-05-27,300,242,0.8066666666666666,626.2,505.2,151550.0,0,平季,
2026-05-28,300,246,0.82,633.7,519.6,155880.0,0,平季,
2026-05-29,300,268,0.8933333333333333,675.6,603.6,181070.0,0,平季,
