日期,竞品A_ADR,竞品B_ADR,竞品C_ADR,竞品D_ADR,竞品E_ADR,竞品A_OCC,竞品B_OCC,竞品C_OCC,竞品D_OCC,竞品E_OCC
2026-03-01,867.0,0.7547,678.0,0.7881,522.0,0.7685,707.0,0.6978,489.0,0.7292
2026-03-02,827.0,0.754,623.0,0.7257,551.0,0.6609,696.0,0.7037,469.0,0.6748
2026-03-03,825.0,0.725,623.0,0.6975,532.0,0.6512,682.0,0.7102,500.0,0.7102
2026-03-04,851.0,0.6646,646.0,0.7141,531.0,0.7696,697.0,0.7143,483.0,0.7099
2026-03-05,888.0,0.7565,684.0,0.7241,538.0,0.7295,674.0,0.7638,481.0,0.7127
2026-03-06,869.0,0.7539,704.0,0.8034,560.0,0.8459,749.0,0.8373,520.0,0.8182
2026-03-07,941.0,0.8509,738.0,0.8337,608.0,0.7544,786.0,0.8191,550.0,0.8732
2026-03-08,864.0,0.7419,634.0,0.7219,516.0,0.7245,689.0,0.7528,500.0,0.7285
2026-03-09,814.0,0.7333,666.0,0.7446,547.0,0.7171,675.0,0.655,477.0,0.7256
2026-03-10,864.0,0.7529,653.0,0.7287,551.0,0.6987,713.0,0.7441,476.0,0.676
2026-03-11,811.0,0.7526,677.0,0.6811,557.0,0.6616,704.0,0.6924,507.0,0.7743
2026-03-12,826.0,0.7538,648.0,0.6766,544.0,0.7796,664.0,0.732,494.0,0.7659
2026-03-13,935.0,0.8018,694.0,0.8373,555.0,0.7806,752.0,0.8209,521.0,0.7931
2026-03-14,966.0,0.7797,754.0,0.8491,609.0,0.752,743.0,0.7873,584.0,0.8561
2026-03-15,868.0,0.7356,667.0,0.7246,542.0,0.758,705.0,0.7156,500.0,0.7805
2026-03-16,859.0,0.7016,664.0,0.7269,538.0,0.7317,654.0,0.6553,483.0,0.6589
2026-03-17,861.0,0.7326,652.0,0.7525,547.0,0.6796,683.0,0.6473,504.0,0.6957
2026-03-18,852.0,0.7294,662.0,0.7722,563.0,0.6757,702.0,0.6905,510.0,0.7371
2026-03-19,879.0,0.7268,668.0,0.7553,547.0,0.7217,667.0,0.7102,510.0,0.7551
2026-03-20,943.0,0.8011,699.0,0.8341,582.0,0.7371,773.0,0.751,545.0,0.802
2026-03-21,943.0,0.8576,719.0,0.7746,623.0,0.7575,802.0,0.7492,549.0,0.879
2026-03-22,847.0,0.7243,665.0,0.7027,552.0,0.6849,674.0,0.7458,482.0,0.7186
2026-03-23,822.0,0.7218,656.0,0.7076,555.0,0.6941,693.0,0.6616,478.0,0.7126
2026-03-24,843.0,0.6931,667.0,0.7069,521.0,0.7536,681.0,0.7521,509.0,0.6888
2026-03-25,831.0,0.6938,655.0,0.7335,513.0,0.751,724.0,0.7169,498.0,0.7126
2026-03-26,834.0,0.7483,687.0,0.7491,521.0,0.6971,714.0,0.7879,509.0,0.7438
2026-03-27,904.0,0.7564,672.0,0.8187,551.0,0.7694,772.0,0.8131,557.0,0.7506
2026-03-28,950.0,0.8451,745.0,0.8119,618.0,0.8444,808.0,0.7867,545.0,0.828
2026-03-29,819.0,0.6891,640.0,0.705,548.0,0.7018,704.0,0.7744,519.0,0.6829
2026-03-30,904.0,0.8763,734.0,0.8855,605.0,0.8622,752.0,0.8597,568.0,0.7855
2026-03-31,896.0,0.8251,748.0,0.8668,599.0,0.809,729.0,0.7994,553.0,0.8954
2026-04-01,1044.0,0.99,787.0,0.9169,654.0,0.99,851.0,0.984,633.0,0.99
2026-04-02,1046.0,0.99,799.0,0.9777,687.0,0.99,841.0,0.99,629.0,0.9339
2026-04-03,1138.0,0.99,819.0,0.9341,697.0,0.99,867.0,0.99,673.0,0.9544
2026-04-04,1143.0,0.9506,883.0,0.9305,774.0,0.99,931.0,0.99,675.0,0.9657
2026-04-05,1007.0,0.99,807.0,0.99,668.0,0.99,836.0,0.99,599.0,0.9114
2026-04-06,880.0,0.7606,711.0,0.8049,578.0,0.8339,776.0,0.8216,565.0,0.7603
2026-04-07,955.0,0.8154,744.0,0.7768,585.0,0.821,787.0,0.7203,533.0,0.84
2026-04-08,915.0,0.7524,707.0,0.8261,604.0,0.7717,792.0,0.8094,558.0,0.8209
2026-04-09,941.0,0.7609,708.0,0.8708,617.0,0.812,750.0,0.7896,529.0,0.7971
2026-04-10,955.0,0.8417,773.0,0.8883,640.0,0.8819,782.0,0.8121,558.0,0.8672
2026-04-11,1054.0,0.8369,835.0,0.8478,652.0,0.8952,898.0,0.9411,640.0,0.943
2026-04-12,894.0,0.7633,722.0,0.8689,620.0,0.7799,752.0,0.7964,529.0,0.8303
2026-04-13,896.0,0.8057,734.0,0.8368,568.0,0.771,719.0,0.7656,527.0,0.8132
2026-04-14,887.0,0.7967,716.0,0.7812,574.0,0.7243,785.0,0.812,532.0,0.8255
2026-04-15,895.0,0.7417,693.0,0.7767,586.0,0.8461,764.0,0.7519,551.0,0.7586
2026-04-16,938.0,0.8133,690.0,0.8272,572.0,0.8438,788.0,0.8328,564.0,0.783
2026-04-17,946.0,0.8383,734.0,0.845,645.0,0.8056,802.0,0.8342,603.0,0.9068
2026-04-18,1100.0,0.9644,799.0,0.917,682.0,0.9704,840.0,0.9547,647.0,0.9645
2026-04-19,928.0,0.7975,690.0,0.7995,583.0,0.7769,737.0,0.832,536.0,0.78
2026-04-20,875.0,0.7833,730.0,0.7557,603.0,0.7633,770.0,0.8294,557.0,0.7808
2026-04-21,901.0,0.7474,711.0,0.775,586.0,0.7842,725.0,0.8252,519.0,0.7169
2026-04-22,917.0,0.7351,726.0,0.7613,591.0,0.8431,793.0,0.8485,567.0,0.7915
2026-04-23,944.0,0.7591,703.0,0.8664,586.0,0.8201,800.0,0.7587,577.0,0.8435
2026-04-24,1026.0,0.8098,794.0,0.8975,663.0,0.83,830.0,0.8161,564.0,0.8843
2026-04-25,1015.0,0.9163,818.0,0.8547,696.0,0.9274,817.0,0.9672,596.0,0.9558
2026-04-26,904.0,0.8011,689.0,0.876,584.0,0.875,775.0,0.8716,546.0,0.8516
2026-04-27,1046.0,0.889,766.0,0.8768,669.0,0.9354,800.0,0.8691,636.0,0.9681
2026-04-28,1027.0,0.9041,816.0,0.99,626.0,0.8676,809.0,0.9135,613.0,0.8848
2026-04-29,1021.0,0.99,798.0,0.8991,692.0,0.9397,889.0,0.99,607.0,0.8941
2026-04-30,1074.0,0.9356,804.0,0.9888,692.0,0.8976,863.0,0.9239,647.0,0.99
2026-05-01,1210.0,0.99,879.0,0.99,710.0,0.9155,934.0,0.99,671.0,0.9707
2026-05-02,1228.0,0.9261,996.0,0.9678,795.0,0.9558,998.0,0.978,714.0,0.99
2026-05-03,1096.0,0.9299,840.0,0.99,682.0,0.99,907.0,0.99,659.0,0.99
2026-05-04,949.0,0.8239,731.0,0.8462,583.0,0.8701,808.0,0.858,542.0,0.7883
2026-05-05,970.0,0.7387,755.0,0.8456,589.0,0.8618,796.0,0.839,539.0,0.8381
2026-05-06,931.0,0.7534,757.0,0.7745,602.0,0.7621,803.0,0.8528,547.0,0.8475
2026-05-07,1012.0,0.8021,720.0,0.8643,627.0,0.8968,839.0,0.844,561.0,0.8631
2026-05-08,1064.0,0.8956,823.0,0.9514,660.0,0.9404,872.0,0.9439,640.0,0.8898
2026-05-09,1151.0,0.9488,823.0,0.9686,693.0,0.8873,921.0,0.9865,642.0,0.9133
2026-05-10,958.0,0.8435,720.0,0.7927,595.0,0.8708,793.0,0.8033,588.0,0.8933
2026-05-11,920.0,0.7745,738.0,0.7529,585.0,0.8265,781.0,0.8402,546.0,0.8465
2026-05-12,927.0,0.7581,708.0,0.7745,630.0,0.7684,772.0,0.8263,555.0,0.7801
2026-05-13,966.0,0.7872,770.0,0.8075,620.0,0.768,770.0,0.8046,547.0,0.7634
2026-05-14,1025.0,0.888,736.0,0.8847,604.0,0.823,791.0,0.8354,552.0,0.878
2026-05-15,1053.0,0.827,833.0,0.8606,679.0,0.8471,812.0,0.9294,610.0,0.8662
2026-05-16,1071.0,0.9722,844.0,0.9771,718.0,0.8759,896.0,0.8613,662.0,0.8889
2026-05-17,966.0,0.8113,758.0,0.7922,605.0,0.8103,762.0,0.7796,604.0,0.8431
2026-05-18,967.0,0.7748,750.0,0.8355,589.0,0.7814,764.0,0.7818,582.0,0.7951
2026-05-19,980.0,0.854,741.0,0.8126,625.0,0.8143,778.0,0.7824,571.0,0.7972
2026-05-20,925.0,0.8129,783.0,0.8699,641.0,0.7819,758.0,0.8062,576.0,0.8114
2026-05-21,1018.0,0.7863,725.0,0.8354,639.0,0.7947,799.0,0.8704,589.0,0.8305
2026-05-22,1061.0,0.8967,767.0,0.8478,667.0,0.8386,859.0,0.8358,589.0,0.871
2026-05-23,1082.0,0.9533,849.0,0.9834,666.0,0.9282,899.0,0.9657,649.0,0.9733
2026-05-24,976.0,0.8979,731.0,0.7862,623.0,0.8718,762.0,0.8162,555.0,0.8622
2026-05-25,928.0,0.796,772.0,0.7527,604.0,0.8545,748.0,0.7745,573.0,0.8518
2026-05-26,954.0,0.8027,710.0,0.7397,587.0,0.8586,798.0,0.8471,568.0,0.7784
2026-05-27,964.0,0.7574,773.0,0.8351,645.0,0.8108,831.0,0.8171,565.0,0.7836
2026-05-28,962.0,0.8766,783.0,0.8564,599.0,0.8395,836.0,0.807,578.0,0.824
2026-05-29,1032.0,0.9267,777.0,0.8219,648.0,0.8353,836.0,0.9325,606.0,0.9251
