日期,房型,渠道,客源细分,间夜,平均房价,客房收入,取消间夜,NoShow,团队名称
2026-03-01,高级房,散客直销,商务散客,47,420,19740,6,2,
2026-03-01,高级房,会议团队,会议团队,27,360,9720,3,1,医疗器械论坛
2026-03-01,高级房,OTA散客,OTA散客,22,380,8360,3,1,
2026-03-01,高级房,协议公司,协议公司,11,340,3740,1,0,
2026-03-01,高级房,会员,会员,4,470,1880,0,0,
2026-03-01,豪华房,散客直销,商务散客,28,640,17920,4,2,
2026-03-01,豪华房,会议团队,会议团队,16,510,8160,2,1,医疗器械论坛
2026-03-01,豪华房,OTA散客,OTA散客,13,540,7020,2,0,
2026-03-01,豪华房,协议公司,协议公司,7,480,3360,1,0,
2026-03-01,豪华房,会员,会员,3,680,2040,0,0,
2026-03-01,行政房,散客直销,商务散客,14,870,12180,1,0,
2026-03-01,行政房,会议团队,会议团队,8,710,5680,1,0,互联网峰会
2026-03-01,行政房,OTA散客,OTA散客,7,830,5810,1,0,
2026-03-01,行政房,协议公司,协议公司,3,660,1980,0,0,
2026-03-01,行政房,会员,会员,1,930,930,0,0,
2026-03-01,套房,散客直销,商务散客,5,1390,6950,1,0,
2026-03-01,套房,会议团队,会议团队,3,1130,3390,0,0,
2026-03-01,套房,OTA散客,OTA散客,2,1170,2340,0,0,
2026-03-01,套房,协议公司,协议公司,1,1020,1020,0,0,
2026-03-02,高级房,散客直销,商务散客,45,400,18000,5,3,
2026-03-02,高级房,会议团队,会议团队,26,360,9360,4,1,省级经销商大会
2026-03-02,高级房,OTA散客,OTA散客,21,370,7770,3,1,
2026-03-02,高级房,协议公司,协议公司,11,330,3630,2,0,
2026-03-02,高级房,会员,会员,4,450,1800,1,0,
2026-03-02,豪华房,散客直销,商务散客,27,570,15390,3,1,
2026-03-02,豪华房,会议团队,会议团队,15,480,7200,2,0,新能源汽车发布会
2026-03-02,豪华房,OTA散客,OTA散客,13,520,6760,1,0,
2026-03-02,豪华房,协议公司,协议公司,6,440,2640,1,0,
2026-03-02,豪华房,会员,会员,3,640,1920,0,0,
2026-03-02,行政房,散客直销,商务散客,13,890,11570,2,0,
2026-03-02,行政房,会议团队,会议团队,8,690,5520,1,0,纺织面料展团
2026-03-02,行政房,OTA散客,OTA散客,6,760,4560,0,0,
2026-03-02,行政房,协议公司,协议公司,3,680,2040,0,0,
2026-03-02,行政房,会员,会员,1,890,890,0,0,
2026-03-02,套房,散客直销,商务散客,4,1350,5400,1,0,
2026-03-02,套房,会议团队,会议团队,3,1100,3300,0,0,
2026-03-02,套房,OTA散客,OTA散客,2,1190,2380,0,0,
2026-03-02,套房,协议公司,协议公司,1,960,960,0,0,
2026-03-03,高级房,散客直销,商务散客,44,440,19360,4,2,
2026-03-03,高级房,会议团队,会议团队,25,330,8250,3,1,省级经销商大会
2026-03-03,高级房,OTA散客,OTA散客,21,370,7770,2,1,
2026-03-03,高级房,协议公司,协议公司,11,340,3740,1,0,
2026-03-03,高级房,会员,会员,4,470,1880,1,0,
2026-03-03,豪华房,散客直销,商务散客,27,590,15930,4,1,
2026-03-03,豪华房,会议团队,会议团队,15,500,7500,2,1,省级经销商大会
2026-03-03,豪华房,OTA散客,OTA散客,13,530,6890,1,0,
2026-03-03,豪华房,协议公司,协议公司,6,480,2880,1,0,
2026-03-03,豪华房,会员,会员,3,630,1890,0,0,
2026-03-03,行政房,散客直销,商务散客,13,830,10790,1,0,
2026-03-03,行政房,会议团队,会议团队,8,720,5760,1,0,新能源汽车发布会
2026-03-03,行政房,OTA散客,OTA散客,6,770,4620,1,0,
2026-03-03,行政房,协议公司,协议公司,3,650,1950,0,0,
2026-03-03,行政房,会员,会员,1,880,880,0,0,
2026-03-03,套房,散客直销,商务散客,4,1380,5520,1,0,
2026-03-03,套房,会议团队,会议团队,3,1080,3240,0,0,
2026-03-03,套房,OTA散客,OTA散客,2,1200,2400,0,0,
2026-03-03,套房,协议公司,协议公司,1,960,960,0,0,
2026-03-04,高级房,散客直销,商务散客,45,450,20250,4,3,
2026-03-04,高级房,会议团队,会议团队,26,330,8580,4,1,新能源汽车发布会
2026-03-04,高级房,OTA散客,OTA散客,22,380,8360,3,1,
2026-03-04,高级房,协议公司,协议公司,11,340,3740,1,0,
2026-03-04,高级房,会员,会员,4,450,1800,0,0,
2026-03-04,豪华房,散客直销,商务散客,27,580,15660,3,1,
2026-03-04,豪华房,会议团队,会议团队,16,510,8160,2,1,纺织面料展团
2026-03-04,豪华房,OTA散客,OTA散客,13,570,7410,2,1,
2026-03-04,豪华房,协议公司,协议公司,6,490,2940,1,0,
2026-03-04,豪华房,会员,会员,3,600,1800,0,0,
2026-03-04,行政房,散客直销,商务散客,14,820,11480,1,1,
2026-03-04,行政房,会议团队,会议团队,8,720,5760,1,0,新能源汽车发布会
2026-03-04,行政房,OTA散客,OTA散客,6,830,4980,1,0,
2026-03-04,行政房,协议公司,协议公司,3,720,2160,0,0,
2026-03-04,行政房,会员,会员,1,870,870,0,0,
2026-03-04,套房,散客直销,商务散客,5,1280,6400,1,0,
2026-03-04,套房,会议团队,会议团队,3,1120,3360,0,0,
2026-03-04,套房,OTA散客,OTA散客,2,1190,2380,0,0,
2026-03-04,套房,协议公司,协议公司,1,990,990,0,0,
2026-03-05,高级房,散客直销,商务散客,46,410,18860,7,2,
2026-03-05,高级房,会议团队,会议团队,26,360,9360,2,1,省级经销商大会
2026-03-05,高级房,OTA散客,OTA散客,22,410,9020,2,1,
2026-03-05,高级房,协议公司,协议公司,11,360,3960,1,0,
2026-03-05,高级房,会员,会员,4,470,1880,1,0,
2026-03-05,豪华房,散客直销,商务散客,28,590,16520,4,1,
2026-03-05,豪华房,会议团队,会议团队,16,480,7680,1,1,纺织面料展团
2026-03-05,豪华房,OTA散客,OTA散客,13,560,7280,2,0,
2026-03-05,豪华房,协议公司,协议公司,7,470,3290,1,0,
2026-03-05,豪华房,会员,会员,3,610,1830,0,0,
2026-03-05,行政房,散客直销,商务散客,14,870,12180,1,0,
2026-03-05,行政房,会议团队,会议团队,8,700,5600,1,0,纺织面料展团
2026-03-05,行政房,OTA散客,OTA散客,7,840,5880,1,0,
2026-03-05,行政房,协议公司,协议公司,3,730,2190,0,0,
2026-03-05,行政房,会员,会员,1,950,950,0,0,
2026-03-05,套房,散客直销,商务散客,5,1280,6400,0,0,
2026-03-05,套房,会议团队,会议团队,3,1070,3210,0,0,
2026-03-05,套房,OTA散客,OTA散客,2,1270,2540,0,0,
2026-03-05,套房,协议公司,协议公司,1,980,980,0,0,
2026-03-06,高级房,散客直销,商务散客,49,460,22540,7,3,
2026-03-06,高级房,会议团队,会议团队,28,370,10360,4,2,婚宴统筹公司
2026-03-06,高级房,OTA散客,OTA散客,24,400,9600,3,1,
2026-03-06,高级房,协议公司,协议公司,12,380,4560,2,1,
2026-03-06,高级房,会员,会员,5,480,2400,1,0,
2026-03-06,豪华房,散客直销,商务散客,30,650,19500,4,2,
2026-03-06,豪华房,会议团队,会议团队,17,550,9350,2,1,金融培训营
2026-03-06,豪华房,OTA散客,OTA散客,14,560,7840,2,1,
2026-03-06,豪华房,协议公司,协议公司,7,530,3710,1,0,
2026-03-06,豪华房,会员,会员,3,710,2130,0,0,
2026-03-06,行政房,散客直销,商务散客,15,940,14100,2,1,
2026-03-06,行政房,会议团队,会议团队,8,800,6400,1,0,婚宴统筹公司
2026-03-06,行政房,OTA散客,OTA散客,7,830,5810,1,0,
2026-03-06,行政房,协议公司,协议公司,4,720,2880,0,0,
2026-03-06,行政房,会员,会员,1,1010,1010,0,0,
2026-03-06,套房,散客直销,商务散客,5,1360,6800,1,0,
2026-03-06,套房,会议团队,会议团队,3,1120,3360,0,0,
2026-03-06,套房,OTA散客,OTA散客,2,1350,2700,0,0,
2026-03-06,套房,协议公司,协议公司,1,1040,1040,0,0,
2026-03-07,高级房,散客直销,商务散客,51,480,24480,5,2,
2026-03-07,高级房,会议团队,会议团队,29,400,11600,3,1,金融培训营
2026-03-07,高级房,OTA散客,OTA散客,24,470,11280,3,1,
2026-03-07,高级房,协议公司,协议公司,12,380,4560,2,0,
2026-03-07,高级房,会员,会员,5,530,2650,1,0,
2026-03-07,豪华房,散客直销,商务散客,31,660,20460,4,1,
2026-03-07,豪华房,会议团队,会议团队,18,560,10080,3,1,金融培训营
2026-03-07,豪华房,OTA散客,OTA散客,15,620,9300,2,0,
2026-03-07,豪华房,协议公司,协议公司,7,550,3850,1,0,
2026-03-07,豪华房,会员,会员,3,730,2190,0,0,
2026-03-07,行政房,散客直销,商务散客,15,970,14550,2,0,
2026-03-07,行政房,会议团队,会议团队,9,780,7020,1,0,省级经销商大会
2026-03-07,行政房,OTA散客,OTA散客,7,880,6160,1,0,
2026-03-07,行政房,协议公司,协议公司,4,800,3200,0,0,
2026-03-07,行政房,会员,会员,1,980,980,0,0,
2026-03-07,套房,散客直销,商务散客,5,1410,7050,1,0,
2026-03-07,套房,会议团队,会议团队,3,1200,3600,0,0,
2026-03-07,套房,OTA散客,OTA散客,2,1420,2840,0,0,
2026-03-07,套房,协议公司,协议公司,1,1110,1110,0,0,
2026-03-08,高级房,散客直销,商务散客,47,440,20680,4,2,
2026-03-08,高级房,会议团队,会议团队,27,340,9180,4,1,纺织面料展团
2026-03-08,高级房,OTA散客,OTA散客,22,400,8800,2,1,
2026-03-08,高级房,协议公司,协议公司,11,360,3960,2,0,
2026-03-08,高级房,会员,会员,4,480,1920,1,0,
2026-03-08,豪华房,散客直销,商务散客,28,590,16520,2,1,
2026-03-08,豪华房,会议团队,会议团队,16,480,7680,2,0,互联网峰会
2026-03-08,豪华房,OTA散客,OTA散客,13,570,7410,2,1,
2026-03-08,豪华房,协议公司,协议公司,7,450,3150,1,0,
2026-03-08,豪华房,会员,会员,3,650,1950,0,0,
2026-03-08,行政房,散客直销,商务散客,14,930,13020,2,1,
2026-03-08,行政房,会议团队,会议团队,8,750,6000,1,0,婚宴统筹公司
2026-03-08,行政房,OTA散客,OTA散客,7,790,5530,1,0,
2026-03-08,行政房,协议公司,协议公司,3,720,2160,0,0,
2026-03-08,行政房,会员,会员,1,950,950,0,0,
2026-03-08,套房,散客直销,商务散客,5,1280,6400,1,0,
2026-03-08,套房,会议团队,会议团队,3,1100,3300,0,0,
2026-03-08,套房,OTA散客,OTA散客,2,1270,2540,0,0,
2026-03-08,套房,协议公司,协议公司,1,1030,1030,0,0,
2026-03-09,高级房,散客直销,商务散客,45,420,18900,4,2,
2026-03-09,高级房,会议团队,会议团队,26,370,9620,4,1,新能源汽车发布会
2026-03-09,高级房,OTA散客,OTA散客,21,390,8190,3,1,
2026-03-09,高级房,协议公司,协议公司,11,340,3740,1,0,
2026-03-09,高级房,会员,会员,4,460,1840,1,0,
2026-03-09,豪华房,散客直销,商务散客,27,570,15390,3,1,
2026-03-09,豪华房,会议团队,会议团队,15,510,7650,2,0,互联网峰会
2026-03-09,豪华房,OTA散客,OTA散客,13,580,7540,2,0,
2026-03-09,豪华房,协议公司,协议公司,6,460,2760,1,0,
2026-03-09,豪华房,会员,会员,3,660,1980,0,0,
2026-03-09,行政房,散客直销,商务散客,13,870,11310,1,1,
2026-03-09,行政房,会议团队,会议团队,8,670,5360,1,0,金融培训营
2026-03-09,行政房,OTA散客,OTA散客,6,750,4500,1,0,
2026-03-09,行政房,协议公司,协议公司,3,690,2070,0,0,
2026-03-09,行政房,会员,会员,1,930,930,0,0,
2026-03-09,套房,散客直销,商务散客,4,1290,5160,0,0,
2026-03-09,套房,会议团队,会议团队,3,1060,3180,0,0,
2026-03-09,套房,OTA散客,OTA散客,2,1170,2340,0,0,
2026-03-09,套房,协议公司,协议公司,1,1060,1060,0,0,
2026-03-10,高级房,散客直销,商务散客,44,440,19360,5,1,
2026-03-10,高级房,会议团队,会议团队,25,340,8500,3,1,互联网峰会
2026-03-10,高级房,OTA散客,OTA散客,21,410,8610,3,1,
2026-03-10,高级房,协议公司,协议公司,11,330,3630,2,0,
2026-03-10,高级房,会员,会员,4,460,1840,0,0,
2026-03-10,豪华房,散客直销,商务散客,27,630,17010,3,1,
2026-03-10,豪华房,会议团队,会议团队,15,480,7200,2,0,婚宴统筹公司
2026-03-10,豪华房,OTA散客,OTA散客,13,560,7280,2,0,
2026-03-10,豪华房,协议公司,协议公司,6,460,2760,1,0,
2026-03-10,豪华房,会员,会员,3,600,1800,0,0,
2026-03-10,行政房,散客直销,商务散客,13,860,11180,1,1,
2026-03-10,行政房,会议团队,会议团队,8,670,5360,1,0,新能源汽车发布会
2026-03-10,行政房,OTA散客,OTA散客,6,790,4740,1,0,
2026-03-10,行政房,协议公司,协议公司,3,700,2100,0,0,
2026-03-10,行政房,会员,会员,1,940,940,0,0,
2026-03-10,套房,散客直销,商务散客,4,1380,5520,1,0,
2026-03-10,套房,会议团队,会议团队,3,1070,3210,0,0,
2026-03-10,套房,OTA散客,OTA散客,2,1210,2420,0,0,
2026-03-10,套房,协议公司,协议公司,1,1020,1020,0,0,
2026-03-11,高级房,散客直销,商务散客,45,420,18900,6,3,
2026-03-11,高级房,会议团队,会议团队,26,370,9620,3,1,省级经销商大会
2026-03-11,高级房,OTA散客,OTA散客,22,400,8800,3,0,
2026-03-11,高级房,协议公司,协议公司,11,340,3740,2,0,
2026-03-11,高级房,会员,会员,4,450,1800,1,0,
2026-03-11,豪华房,散客直销,商务散客,27,590,15930,3,1,
2026-03-11,豪华房,会议团队,会议团队,16,520,8320,1,0,婚宴统筹公司
2026-03-11,豪华房,OTA散客,OTA散客,13,590,7670,2,0,
2026-03-11,豪华房,协议公司,协议公司,6,470,2820,1,0,
2026-03-11,豪华房,会员,会员,3,620,1860,0,0,
2026-03-11,行政房,散客直销,商务散客,14,860,12040,2,1,
2026-03-11,行政房,会议团队,会议团队,8,680,5440,1,0,互联网峰会
2026-03-11,行政房,OTA散客,OTA散客,6,770,4620,1,0,
2026-03-11,行政房,协议公司,协议公司,3,680,2040,0,0,
2026-03-11,行政房,会员,会员,1,860,860,0,0,
2026-03-11,套房,散客直销,商务散客,5,1380,6900,0,0,
2026-03-11,套房,会议团队,会议团队,3,1040,3120,0,0,
2026-03-11,套房,OTA散客,OTA散客,2,1280,2560,0,0,
2026-03-11,套房,协议公司,协议公司,1,1010,1010,0,0,
2026-03-12,高级房,散客直销,商务散客,46,450,20700,5,2,
2026-03-12,高级房,会议团队,会议团队,26,360,9360,4,1,婚宴统筹公司
2026-03-12,高级房,OTA散客,OTA散客,22,380,8360,2,1,
2026-03-12,高级房,协议公司,协议公司,11,350,3850,1,1,
2026-03-12,高级房,会员,会员,4,460,1840,0,0,
2026-03-12,豪华房,散客直销,商务散客,28,640,17920,3,1,
2026-03-12,豪华房,会议团队,会议团队,16,490,7840,1,1,婚宴统筹公司
2026-03-12,豪华房,OTA散客,OTA散客,13,560,7280,1,0,
2026-03-12,豪华房,协议公司,协议公司,7,470,3290,1,0,
2026-03-12,豪华房,会员,会员,3,610,1830,0,0,
2026-03-12,行政房,散客直销,商务散客,14,900,12600,2,0,
2026-03-12,行政房,会议团队,会议团队,8,690,5520,1,0,纺织面料展团
2026-03-12,行政房,OTA散客,OTA散客,7,770,5390,1,0,
2026-03-12,行政房,协议公司,协议公司,3,670,2010,0,0,
2026-03-12,行政房,会员,会员,1,940,940,0,0,
2026-03-12,套房,散客直销,商务散客,5,1380,6900,1,0,
2026-03-12,套房,会议团队,会议团队,3,1050,3150,0,0,
2026-03-12,套房,OTA散客,OTA散客,2,1260,2520,0,0,
2026-03-12,套房,协议公司,协议公司,1,1010,1010,0,0,
2026-03-13,高级房,散客直销,商务散客,49,440,21560,5,1,
2026-03-13,高级房,会议团队,会议团队,28,360,10080,4,1,纺织面料展团
2026-03-13,高级房,OTA散客,OTA散客,24,400,9600,3,0,
2026-03-13,高级房,协议公司,协议公司,12,360,4320,1,0,
2026-03-13,高级房,会员,会员,5,490,2450,1,0,
2026-03-13,豪华房,散客直销,商务散客,30,630,18900,3,1,
2026-03-13,豪华房,会议团队,会议团队,17,540,9180,2,0,省级经销商大会
2026-03-13,豪华房,OTA散客,OTA散客,14,590,8260,1,0,
2026-03-13,豪华房,协议公司,协议公司,7,520,3640,1,0,
2026-03-13,豪华房,会员,会员,3,690,2070,0,0,
2026-03-13,行政房,散客直销,商务散客,15,900,13500,1,1,
2026-03-13,行政房,会议团队,会议团队,8,770,6160,1,0,互联网峰会
2026-03-13,行政房,OTA散客,OTA散客,7,890,6230,1,0,
2026-03-13,行政房,协议公司,协议公司,4,750,3000,0,0,
2026-03-13,行政房,会员,会员,1,960,960,0,0,
2026-03-13,套房,散客直销,商务散客,5,1360,6800,1,0,
2026-03-13,套房,会议团队,会议团队,3,1090,3270,0,0,
2026-03-13,套房,OTA散客,OTA散客,2,1330,2660,0,0,
2026-03-13,套房,协议公司,协议公司,1,1110,1110,0,0,
2026-03-14,高级房,散客直销,商务散客,51,510,26010,5,2,
2026-03-14,高级房,会议团队,会议团队,29,390,11310,4,1,婚宴统筹公司
2026-03-14,高级房,OTA散客,OTA散客,24,450,10800,2,1,
2026-03-14,高级房,协议公司,协议公司,12,380,4560,2,0,
2026-03-14,高级房,会员,会员,5,510,2550,1,0,
2026-03-14,豪华房,散客直销,商务散客,31,670,20770,4,1,
2026-03-14,豪华房,会议团队,会议团队,18,540,9720,2,0,省级经销商大会
2026-03-14,豪华房,OTA散客,OTA散客,15,630,9450,2,1,
2026-03-14,豪华房,协议公司,协议公司,7,530,3710,1,0,
2026-03-14,豪华房,会员,会员,3,740,2220,0,0,
2026-03-14,行政房,散客直销,商务散客,15,950,14250,2,1,
2026-03-14,行政房,会议团队,会议团队,9,820,7380,1,0,华贸集团年会
2026-03-14,行政房,OTA散客,OTA散客,7,900,6300,1,0,
2026-03-14,行政房,协议公司,协议公司,4,790,3160,0,0,
2026-03-14,行政房,会员,会员,1,1040,1040,0,0,
2026-03-14,套房,散客直销,商务散客,5,1540,7700,1,0,
2026-03-14,套房,会议团队,会议团队,3,1150,3450,0,0,
2026-03-14,套房,OTA散客,OTA散客,2,1400,2800,0,0,
2026-03-14,套房,协议公司,协议公司,1,1220,1220,0,0,
2026-03-15,高级房,散客直销,商务散客,47,430,20210,5,1,
2026-03-15,高级房,会议团队,会议团队,27,340,9180,3,2,省级经销商大会
2026-03-15,高级房,OTA散客,OTA散客,22,420,9240,2,1,
2026-03-15,高级房,协议公司,协议公司,11,340,3740,1,0,
2026-03-15,高级房,会员,会员,4,480,1920,0,0,
2026-03-15,豪华房,散客直销,商务散客,28,640,17920,3,1,
2026-03-15,豪华房,会议团队,会议团队,16,500,8000,1,1,新能源汽车发布会
2026-03-15,豪华房,OTA散客,OTA散客,13,590,7670,1,0,
2026-03-15,豪华房,协议公司,协议公司,7,480,3360,1,0,
2026-03-15,豪华房,会员,会员,3,660,1980,0,0,
2026-03-15,行政房,散客直销,商务散客,14,860,12040,2,1,
2026-03-15,行政房,会议团队,会议团队,8,760,6080,1,0,华贸集团年会
2026-03-15,行政房,OTA散客,OTA散客,7,790,5530,1,0,
2026-03-15,行政房,协议公司,协议公司,3,710,2130,0,0,
2026-03-15,行政房,会员,会员,1,960,960,0,0,
2026-03-15,套房,散客直销,商务散客,5,1320,6600,1,0,
2026-03-15,套房,会议团队,会议团队,3,1160,3480,0,0,
2026-03-15,套房,OTA散客,OTA散客,2,1200,2400,0,0,
2026-03-15,套房,协议公司,协议公司,1,990,990,0,0,
2026-03-16,高级房,散客直销,商务散客,45,410,18450,5,2,
2026-03-16,高级房,会议团队,会议团队,26,360,9360,4,2,省级经销商大会
2026-03-16,高级房,OTA散客,OTA散客,21,380,7980,3,1,
2026-03-16,高级房,协议公司,协议公司,11,350,3850,1,0,
2026-03-16,高级房,会员,会员,4,430,1720,1,0,
2026-03-16,豪华房,散客直销,商务散客,27,590,15930,4,1,
2026-03-16,豪华房,会议团队,会议团队,15,510,7650,1,1,婚宴统筹公司
2026-03-16,豪华房,OTA散客,OTA散客,13,560,7280,2,0,
2026-03-16,豪华房,协议公司,协议公司,6,470,2820,1,0,
2026-03-16,豪华房,会员,会员,3,600,1800,0,0,
2026-03-16,行政房,散客直销,商务散客,13,840,10920,1,1,
2026-03-16,行政房,会议团队,会议团队,8,670,5360,1,0,金融培训营
2026-03-16,行政房,OTA散客,OTA散客,6,780,4680,1,0,
2026-03-16,行政房,协议公司,协议公司,3,710,2130,0,0,
2026-03-16,行政房,会员,会员,1,870,870,0,0,
2026-03-16,套房,散客直销,商务散客,4,1280,5120,0,0,
2026-03-16,套房,会议团队,会议团队,3,1120,3360,0,0,
2026-03-16,套房,OTA散客,OTA散客,2,1130,2260,0,0,
2026-03-16,套房,协议公司,协议公司,1,1040,1040,0,0,
2026-03-17,高级房,散客直销,商务散客,44,420,18480,6,2,
2026-03-17,高级房,会议团队,会议团队,25,340,8500,2,1,医疗器械论坛
2026-03-17,高级房,OTA散客,OTA散客,21,390,8190,3,1,
2026-03-17,高级房,协议公司,协议公司,11,310,3410,1,0,
2026-03-17,高级房,会员,会员,4,470,1880,0,0,
2026-03-17,豪华房,散客直销,商务散客,27,620,16740,2,1,
2026-03-17,豪华房,会议团队,会议团队,15,510,7650,1,0,新能源汽车发布会
2026-03-17,豪华房,OTA散客,OTA散客,13,530,6890,2,0,
2026-03-17,豪华房,协议公司,协议公司,6,480,2880,1,0,
2026-03-17,豪华房,会员,会员,3,590,1770,0,0,
2026-03-17,行政房,散客直销,商务散客,13,870,11310,1,1,
2026-03-17,行政房,会议团队,会议团队,8,670,5360,1,0,省级经销商大会
2026-03-17,行政房,OTA散客,OTA散客,6,780,4680,1,0,
2026-03-17,行政房,协议公司,协议公司,3,680,2040,0,0,
2026-03-17,行政房,会员,会员,1,900,900,0,0,
2026-03-17,套房,散客直销,商务散客,4,1370,5480,0,0,
2026-03-17,套房,会议团队,会议团队,3,1130,3390,0,0,
2026-03-17,套房,OTA散客,OTA散客,2,1240,2480,0,0,
2026-03-17,套房,协议公司,协议公司,1,1010,1010,0,0,
2026-03-18,高级房,散客直销,商务散客,45,420,18900,4,1,
2026-03-18,高级房,会议团队,会议团队,26,360,9360,3,1,华贸集团年会
2026-03-18,高级房,OTA散客,OTA散客,22,400,8800,3,1,
2026-03-18,高级房,协议公司,协议公司,11,340,3740,1,1,
2026-03-18,高级房,会员,会员,4,440,1760,0,0,
2026-03-18,豪华房,散客直销,商务散客,27,580,15660,4,1,
2026-03-18,豪华房,会议团队,会议团队,16,530,8480,2,0,新能源汽车发布会
2026-03-18,豪华房,OTA散客,OTA散客,13,550,7150,2,1,
2026-03-18,豪华房,协议公司,协议公司,6,490,2940,1,0,
2026-03-18,豪华房,会员,会员,3,610,1830,0,0,
2026-03-18,行政房,散客直销,商务散客,14,920,12880,2,1,
2026-03-18,行政房,会议团队,会议团队,8,750,6000,1,0,婚宴统筹公司
2026-03-18,行政房,OTA散客,OTA散客,6,760,4560,1,0,
2026-03-18,行政房,协议公司,协议公司,3,640,1920,0,0,
2026-03-18,行政房,会员,会员,1,930,930,0,0,
2026-03-18,套房,散客直销,商务散客,5,1380,6900,1,0,
2026-03-18,套房,会议团队,会议团队,3,1090,3270,0,0,
2026-03-18,套房,OTA散客,OTA散客,2,1230,2460,0,0,
2026-03-18,套房,协议公司,协议公司,1,1050,1050,0,0,
2026-03-19,高级房,散客直销,商务散客,46,460,21160,5,1,
2026-03-19,高级房,会议团队,会议团队,26,350,9100,4,1,金融培训营
2026-03-19,高级房,OTA散客,OTA散客,22,390,8580,2,1,
2026-03-19,高级房,协议公司,协议公司,11,360,3960,1,1,
2026-03-19,高级房,会员,会员,4,460,1840,1,0,
2026-03-19,豪华房,散客直销,商务散客,28,590,16520,3,1,
2026-03-19,豪华房,会议团队,会议团队,16,530,8480,2,1,华贸集团年会
2026-03-19,豪华房,OTA散客,OTA散客,13,540,7020,1,1,
2026-03-19,豪华房,协议公司,协议公司,7,480,3360,1,0,
2026-03-19,豪华房,会员,会员,3,660,1980,0,0,
2026-03-19,行政房,散客直销,商务散客,14,840,11760,2,0,
2026-03-19,行政房,会议团队,会议团队,8,760,6080,1,0,互联网峰会
2026-03-19,行政房,OTA散客,OTA散客,7,790,5530,1,0,
2026-03-19,行政房,协议公司,协议公司,3,720,2160,0,0,
2026-03-19,行政房,会员,会员,1,920,920,0,0,
2026-03-19,套房,散客直销,商务散客,5,1350,6750,0,0,
2026-03-19,套房,会议团队,会议团队,3,1140,3420,0,0,
2026-03-19,套房,OTA散客,OTA散客,2,1190,2380,0,0,
2026-03-19,套房,协议公司,协议公司,1,1060,1060,0,0,
2026-03-20,高级房,散客直销,商务散客,49,440,21560,5,1,
2026-03-20,高级房,会议团队,会议团队,28,400,11200,3,1,省级经销商大会
2026-03-20,高级房,OTA散客,OTA散客,24,410,9840,4,1,
2026-03-20,高级房,协议公司,协议公司,12,360,4320,2,1,
2026-03-20,高级房,会员,会员,5,500,2500,0,0,
2026-03-20,豪华房,散客直销,商务散客,30,630,18900,4,1,
2026-03-20,豪华房,会议团队,会议团队,17,530,9010,2,1,省级经销商大会
2026-03-20,豪华房,OTA散客,OTA散客,14,600,8400,2,1,
2026-03-20,豪华房,协议公司,协议公司,7,500,3500,1,0,
2026-03-20,豪华房,会员,会员,3,700,2100,0,0,
2026-03-20,行政房,散客直销,商务散客,15,890,13350,2,1,
2026-03-20,行政房,会议团队,会议团队,8,810,6480,1,0,互联网峰会
2026-03-20,行政房,OTA散客,OTA散客,7,830,5810,1,0,
2026-03-20,行政房,协议公司,协议公司,4,760,3040,1,0,
2026-03-20,行政房,会员,会员,1,1000,1000,0,0,
2026-03-20,套房,散客直销,商务散客,5,1400,7000,1,0,
2026-03-20,套房,会议团队,会议团队,3,1160,3480,0,0,
2026-03-20,套房,OTA散客,OTA散客,2,1260,2520,0,0,
2026-03-20,套房,协议公司,协议公司,1,1160,1160,0,0,
2026-03-21,高级房,散客直销,商务散客,51,490,24990,6,1,
2026-03-21,高级房,会议团队,会议团队,29,420,12180,4,1,新能源汽车发布会
2026-03-21,高级房,OTA散客,OTA散客,24,470,11280,4,1,
2026-03-21,高级房,协议公司,协议公司,12,400,4800,1,0,
2026-03-21,高级房,会员,会员,5,520,2600,1,0,
2026-03-21,豪华房,散客直销,商务散客,31,730,22630,3,2,
2026-03-21,豪华房,会议团队,会议团队,18,590,10620,2,0,婚宴统筹公司
2026-03-21,豪华房,OTA散客,OTA散客,15,630,9450,2,1,
2026-03-21,豪华房,协议公司,协议公司,7,540,3780,1,0,
2026-03-21,豪华房,会员,会员,3,680,2040,0,0,
2026-03-21,行政房,散客直销,商务散客,15,980,14700,2,0,
2026-03-21,行政房,会议团队,会议团队,9,790,7110,1,0,纺织面料展团
2026-03-21,行政房,OTA散客,OTA散客,7,900,6300,1,0,
2026-03-21,行政房,协议公司,协议公司,4,770,3080,0,0,
2026-03-21,行政房,会员,会员,1,1020,1020,0,0,
2026-03-21,套房,散客直销,商务散客,5,1420,7100,1,0,
2026-03-21,套房,会议团队,会议团队,3,1170,3510,0,0,
2026-03-21,套房,OTA散客,OTA散客,2,1330,2660,0,0,
2026-03-21,套房,协议公司,协议公司,1,1150,1150,0,0,
2026-03-22,高级房,散客直销,商务散客,47,450,21150,6,2,
2026-03-22,高级房,会议团队,会议团队,27,370,9990,4,1,纺织面料展团
2026-03-22,高级房,OTA散客,OTA散客,22,390,8580,3,1,
2026-03-22,高级房,协议公司,协议公司,11,320,3520,1,1,
2026-03-22,高级房,会员,会员,4,470,1880,1,0,
2026-03-22,豪华房,散客直销,商务散客,28,620,17360,4,2,
2026-03-22,豪华房,会议团队,会议团队,16,510,8160,3,1,医疗器械论坛
2026-03-22,豪华房,OTA散客,OTA散客,13,580,7540,1,0,
2026-03-22,豪华房,协议公司,协议公司,7,510,3570,1,0,
2026-03-22,豪华房,会员,会员,3,670,2010,0,0,
2026-03-22,行政房,散客直销,商务散客,14,840,11760,2,1,
2026-03-22,行政房,会议团队,会议团队,8,710,5680,1,0,新能源汽车发布会
2026-03-22,行政房,OTA散客,OTA散客,7,790,5530,1,0,
2026-03-22,行政房,协议公司,协议公司,3,650,1950,0,0,
2026-03-22,行政房,会员,会员,1,880,880,0,0,
2026-03-22,套房,散客直销,商务散客,5,1400,7000,1,0,
2026-03-22,套房,会议团队,会议团队,3,1070,3210,0,0,
2026-03-22,套房,OTA散客,OTA散客,2,1220,2440,0,0,
2026-03-22,套房,协议公司,协议公司,1,1010,1010,0,0,
2026-03-23,高级房,散客直销,商务散客,45,430,19350,6,1,
2026-03-23,高级房,会议团队,会议团队,26,330,8580,2,1,新能源汽车发布会
2026-03-23,高级房,OTA散客,OTA散客,21,390,8190,3,1,
2026-03-23,高级房,协议公司,协议公司,11,340,3740,2,0,
2026-03-23,高级房,会员,会员,4,430,1720,1,0,
2026-03-23,豪华房,散客直销,商务散客,27,570,15390,3,1,
2026-03-23,豪华房,会议团队,会议团队,15,520,7800,1,0,金融培训营
2026-03-23,豪华房,OTA散客,OTA散客,13,560,7280,1,1,
2026-03-23,豪华房,协议公司,协议公司,6,480,2880,1,0,
2026-03-23,豪华房,会员,会员,3,640,1920,0,0,
2026-03-23,行政房,散客直销,商务散客,13,900,11700,1,1,
2026-03-23,行政房,会议团队,会议团队,8,720,5760,1,0,省级经销商大会
2026-03-23,行政房,OTA散客,OTA散客,6,810,4860,1,0,
2026-03-23,行政房,协议公司,协议公司,3,700,2100,0,0,
2026-03-23,行政房,会员,会员,1,880,880,0,0,
2026-03-23,套房,散客直销,商务散客,4,1330,5320,1,0,
2026-03-23,套房,会议团队,会议团队,3,1070,3210,0,0,
2026-03-23,套房,OTA散客,OTA散客,2,1260,2520,0,0,
2026-03-23,套房,协议公司,协议公司,1,1040,1040,0,0,
2026-03-24,高级房,散客直销,商务散客,44,440,19360,4,2,
2026-03-24,高级房,会议团队,会议团队,25,370,9250,4,1,婚宴统筹公司
2026-03-24,高级房,OTA散客,OTA散客,21,390,8190,3,1,
2026-03-24,高级房,协议公司,协议公司,11,310,3410,1,1,
2026-03-24,高级房,会员,会员,4,470,1880,0,0,
2026-03-24,豪华房,散客直销,商务散客,27,600,16200,4,1,
2026-03-24,豪华房,会议团队,会议团队,15,510,7650,2,0,互联网峰会
2026-03-24,豪华房,OTA散客,OTA散客,13,570,7410,1,1,
2026-03-24,豪华房,协议公司,协议公司,6,460,2760,1,0,
2026-03-24,豪华房,会员,会员,3,620,1860,0,0,
2026-03-24,行政房,散客直销,商务散客,13,890,11570,2,1,
2026-03-24,行政房,会议团队,会议团队,8,750,6000,1,0,纺织面料展团
2026-03-24,行政房,OTA散客,OTA散客,6,820,4920,1,0,
2026-03-24,行政房,协议公司,协议公司,3,640,1920,0,0,
2026-03-24,行政房,会员,会员,1,870,870,0,0,
2026-03-24,套房,散客直销,商务散客,4,1380,5520,0,0,
2026-03-24,套房,会议团队,会议团队,3,1050,3150,0,0,
2026-03-24,套房,OTA散客,OTA散客,2,1270,2540,0,0,
2026-03-24,套房,协议公司,协议公司,1,1010,1010,0,0,
2026-03-25,高级房,散客直销,商务散客,45,420,18900,7,2,
2026-03-25,高级房,会议团队,会议团队,26,370,9620,4,1,医疗器械论坛
2026-03-25,高级房,OTA散客,OTA散客,22,410,9020,3,1,
2026-03-25,高级房,协议公司,协议公司,11,360,3960,2,1,
2026-03-25,高级房,会员,会员,4,430,1720,0,0,
2026-03-25,豪华房,散客直销,商务散客,27,620,16740,4,1,
2026-03-25,豪华房,会议团队,会议团队,16,490,7840,2,0,新能源汽车发布会
2026-03-25,豪华房,OTA散客,OTA散客,13,580,7540,2,1,
2026-03-25,豪华房,协议公司,协议公司,6,460,2760,0,0,
2026-03-25,豪华房,会员,会员,3,620,1860,0,0,
2026-03-25,行政房,散客直销,商务散客,14,910,12740,1,1,
2026-03-25,行政房,会议团队,会议团队,8,740,5920,1,0,金融培训营
2026-03-25,行政房,OTA散客,OTA散客,6,810,4860,1,0,
2026-03-25,行政房,协议公司,协议公司,3,650,1950,0,0,
2026-03-25,行政房,会员,会员,1,880,880,0,0,
2026-03-25,套房,散客直销,商务散客,5,1310,6550,1,0,
2026-03-25,套房,会议团队,会议团队,3,1140,3420,0,0,
2026-03-25,套房,OTA散客,OTA散客,2,1240,2480,0,0,
2026-03-25,套房,协议公司,协议公司,1,1000,1000,0,0,
2026-03-26,高级房,散客直销,商务散客,46,430,19780,6,2,
2026-03-26,高级房,会议团队,会议团队,26,370,9620,3,1,互联网峰会
2026-03-26,高级房,OTA散客,OTA散客,22,420,9240,3,1,
2026-03-26,高级房,协议公司,协议公司,11,320,3520,1,0,
2026-03-26,高级房,会员,会员,4,480,1920,1,0,
2026-03-26,豪华房,散客直销,商务散客,28,640,17920,4,1,
2026-03-26,豪华房,会议团队,会议团队,16,500,8000,2,0,金融培训营
2026-03-26,豪华房,OTA散客,OTA散客,13,560,7280,1,1,
2026-03-26,豪华房,协议公司,协议公司,7,450,3150,1,0,
2026-03-26,豪华房,会员,会员,3,620,1860,0,0,
2026-03-26,行政房,散客直销,商务散客,14,880,12320,2,0,
2026-03-26,行政房,会议团队,会议团队,8,690,5520,1,0,新能源汽车发布会
2026-03-26,行政房,OTA散客,OTA散客,7,790,5530,1,0,
2026-03-26,行政房,协议公司,协议公司,3,660,1980,0,0,
2026-03-26,行政房,会员,会员,1,920,920,0,0,
2026-03-26,套房,散客直销,商务散客,5,1270,6350,1,0,
2026-03-26,套房,会议团队,会议团队,3,1040,3120,0,0,
2026-03-26,套房,OTA散客,OTA散客,2,1220,2440,0,0,
2026-03-26,套房,协议公司,协议公司,1,1000,1000,0,0,
2026-03-27,高级房,散客直销,商务散客,49,430,21070,7,2,
2026-03-27,高级房,会议团队,会议团队,28,390,10920,3,1,纺织面料展团
2026-03-27,高级房,OTA散客,OTA散客,24,450,10800,2,1,
2026-03-27,高级房,协议公司,协议公司,12,380,4560,1,0,
2026-03-27,高级房,会员,会员,5,470,2350,1,0,
2026-03-27,豪华房,散客直销,商务散客,30,610,18300,2,1,
2026-03-27,豪华房,会议团队,会议团队,17,520,8840,1,1,金融培训营
2026-03-27,豪华房,OTA散客,OTA散客,14,590,8260,2,1,
2026-03-27,豪华房,协议公司,协议公司,7,510,3570,1,0,
2026-03-27,豪华房,会员,会员,3,640,1920,0,0,
2026-03-27,行政房,散客直销,商务散客,15,980,14700,1,1,
2026-03-27,行政房,会议团队,会议团队,8,770,6160,1,0,华贸集团年会
2026-03-27,行政房,OTA散客,OTA散客,7,850,5950,1,0,
2026-03-27,行政房,协议公司,协议公司,4,700,2800,0,0,
2026-03-27,行政房,会员,会员,1,950,950,0,0,
2026-03-27,套房,散客直销,商务散客,5,1390,6950,1,0,
2026-03-27,套房,会议团队,会议团队,3,1120,3360,0,0,
2026-03-27,套房,OTA散客,OTA散客,2,1330,2660,0,0,
2026-03-27,套房,协议公司,协议公司,1,1090,1090,0,0,
2026-03-28,高级房,散客直销,商务散客,51,510,26010,7,3,
2026-03-28,高级房,会议团队,会议团队,29,420,12180,5,1,医疗器械论坛
2026-03-28,高级房,OTA散客,OTA散客,24,460,11040,4,1,
2026-03-28,高级房,协议公司,协议公司,12,380,4560,2,1,
2026-03-28,高级房,会员,会员,5,520,2600,1,0,
2026-03-28,豪华房,散客直销,商务散客,31,670,20770,4,1,
2026-03-28,豪华房,会议团队,会议团队,18,560,10080,2,0,婚宴统筹公司
2026-03-28,豪华房,OTA散客,OTA散客,15,670,10050,2,1,
2026-03-28,豪华房,协议公司,协议公司,7,540,3780,1,0,
2026-03-28,豪华房,会员,会员,3,730,2190,0,0,
2026-03-28,行政房,散客直销,商务散客,15,950,14250,2,0,
2026-03-28,行政房,会议团队,会议团队,9,810,7290,1,0,金融培训营
2026-03-28,行政房,OTA散客,OTA散客,7,850,5950,1,0,
2026-03-28,行政房,协议公司,协议公司,4,740,2960,0,0,
2026-03-28,行政房,会员,会员,1,1080,1080,0,0,
2026-03-28,套房,散客直销,商务散客,5,1410,7050,1,0,
2026-03-28,套房,会议团队,会议团队,3,1230,3690,0,0,
2026-03-28,套房,OTA散客,OTA散客,2,1360,2720,0,0,
2026-03-28,套房,协议公司,协议公司,1,1100,1100,0,0,
2026-03-29,高级房,散客直销,商务散客,47,460,21620,7,3,
2026-03-29,高级房,会议团队,会议团队,27,370,9990,4,2,婚宴统筹公司
2026-03-29,高级房,OTA散客,OTA散客,22,390,8580,3,1,
2026-03-29,高级房,协议公司,协议公司,11,340,3740,2,0,
2026-03-29,高级房,会员,会员,4,440,1760,0,0,
2026-03-29,豪华房,散客直销,商务散客,28,580,16240,3,1,
2026-03-29,豪华房,会议团队,会议团队,16,510,8160,3,1,华贸集团年会
2026-03-29,豪华房,OTA散客,OTA散客,13,530,6890,1,0,
2026-03-29,豪华房,协议公司,协议公司,7,460,3220,1,0,
2026-03-29,豪华房,会员,会员,3,630,1890,0,0,
2026-03-29,行政房,散客直销,商务散客,14,890,12460,1,1,
2026-03-29,行政房,会议团队,会议团队,8,690,5520,1,0,医疗器械论坛
2026-03-29,行政房,OTA散客,OTA散客,7,820,5740,1,0,
2026-03-29,行政房,协议公司,协议公司,3,670,2010,0,0,
2026-03-29,行政房,会员,会员,1,970,970,0,0,
2026-03-29,套房,散客直销,商务散客,5,1370,6850,1,0,
2026-03-29,套房,会议团队,会议团队,3,1120,3360,0,0,
2026-03-29,套房,OTA散客,OTA散客,2,1170,2340,0,0,
2026-03-29,套房,协议公司,协议公司,1,1030,1030,0,0,
2026-03-30,高级房,散客直销,商务散客,54,460,24840,5,3,
2026-03-30,高级房,会议团队,会议团队,31,370,11470,3,1,华贸集团年会
2026-03-30,高级房,OTA散客,OTA散客,26,430,11180,2,1,
2026-03-30,高级房,协议公司,协议公司,13,380,4940,1,1,
2026-03-30,高级房,会员,会员,5,530,2650,1,0,
2026-03-30,豪华房,散客直销,商务散客,32,670,21440,5,2,
2026-03-30,豪华房,会议团队,会议团队,18,570,10260,2,1,华贸集团年会
2026-03-30,豪华房,OTA散客,OTA散客,15,610,9150,2,1,
2026-03-30,豪华房,协议公司,协议公司,8,510,4080,1,0,
2026-03-30,豪华房,会员,会员,3,670,2010,0,0,
2026-03-30,行政房,散客直销,商务散客,16,970,15520,1,0,
2026-03-30,行政房,会议团队,会议团队,9,800,7200,1,0,互联网峰会
2026-03-30,行政房,OTA散客,OTA散客,8,870,6960,1,0,
2026-03-30,行政房,协议公司,协议公司,4,770,3080,1,0,
2026-03-30,行政房,会员,会员,2,990,1980,0,0,
2026-03-30,套房,散客直销,商务散客,5,1470,7350,0,0,
2026-03-30,套房,会议团队,会议团队,3,1240,3720,0,0,
2026-03-30,套房,OTA散客,OTA散客,3,1390,4170,0,0,
2026-03-30,套房,协议公司,协议公司,1,1180,1180,0,0,
2026-03-30,套房,会员,会员,1,1490,1490,0,0,
2026-03-31,高级房,散客直销,商务散客,53,490,25970,7,1,
2026-03-31,高级房,会议团队,会议团队,30,400,12000,4,2,婚宴统筹公司
2026-03-31,高级房,OTA散客,OTA散客,25,420,10500,3,1,
2026-03-31,高级房,协议公司,协议公司,13,350,4550,1,1,
2026-03-31,高级房,会员,会员,5,530,2650,1,0,
2026-03-31,豪华房,散客直销,商务散客,32,670,21440,5,2,
2026-03-31,豪华房,会议团队,会议团队,18,530,9540,2,1,华贸集团年会
2026-03-31,豪华房,OTA散客,OTA散客,15,620,9300,2,1,
2026-03-31,豪华房,协议公司,协议公司,8,560,4480,1,0,
2026-03-31,豪华房,会员,会员,3,680,2040,0,0,
2026-03-31,行政房,散客直销,商务散客,16,960,15360,2,0,
2026-03-31,行政房,会议团队,会议团队,9,780,7020,1,0,互联网峰会
2026-03-31,行政房,OTA散客,OTA散客,8,920,7360,1,0,
2026-03-31,行政房,协议公司,协议公司,4,730,2920,1,0,
2026-03-31,行政房,会员,会员,2,1000,2000,0,0,
2026-03-31,套房,散客直销,商务散客,5,1510,7550,1,0,
2026-03-31,套房,会议团队,会议团队,3,1140,3420,0,0,
2026-03-31,套房,OTA散客,OTA散客,3,1360,4080,0,0,
2026-03-31,套房,协议公司,协议公司,1,1130,1130,0,0,
2026-03-31,套房,会员,会员,1,1580,1580,0,0,
2026-04-01,高级房,散客直销,商务散客,60,530,31800,9,2,
2026-04-01,高级房,会议团队,会议团队,34,440,14960,3,1,婚宴统筹公司
2026-04-01,高级房,OTA散客,OTA散客,29,460,13340,4,2,
2026-04-01,高级房,协议公司,协议公司,14,430,6020,1,0,
2026-04-01,高级房,会员,会员,6,530,3180,1,0,
2026-04-01,豪华房,散客直销,商务散客,36,710,25560,3,1,
2026-04-01,豪华房,会议团队,会议团队,21,620,13020,2,1,新能源汽车发布会
2026-04-01,豪华房,OTA散客,OTA散客,17,660,11220,3,1,
2026-04-01,豪华房,协议公司,协议公司,9,580,5220,1,1,
2026-04-01,豪华房,会员,会员,3,770,2310,0,0,
2026-04-01,行政房,散客直销,商务散客,18,1010,18180,2,1,
2026-04-01,行政房,会议团队,会议团队,10,890,8900,1,0,纺织面料展团
2026-04-01,行政房,OTA散客,OTA散客,9,940,8460,1,0,
2026-04-01,行政房,协议公司,协议公司,4,810,3240,0,0,
2026-04-01,行政房,会员,会员,2,1190,2380,0,0,
2026-04-01,套房,散客直销,商务散客,6,1540,9240,1,0,
2026-04-01,套房,会议团队,会议团队,3,1350,4050,0,0,
2026-04-01,套房,OTA散客,OTA散客,3,1520,4560,0,0,
2026-04-01,套房,协议公司,协议公司,1,1280,1280,0,0,
2026-04-01,套房,会员,会员,1,1700,1700,0,0,
2026-04-02,高级房,散客直销,商务散客,61,570,34770,10,2,
2026-04-02,高级房,会议团队,会议团队,35,440,15400,3,2,医疗器械论坛
2026-04-02,高级房,OTA散客,OTA散客,29,480,13920,3,1,
2026-04-02,高级房,协议公司,协议公司,15,440,6600,2,0,
2026-04-02,高级房,会员,会员,6,600,3600,1,0,
2026-04-02,豪华房,散客直销,商务散客,37,790,29230,5,1,
2026-04-02,豪华房,会议团队,会议团队,21,650,13650,2,1,省级经销商大会
2026-04-02,豪华房,OTA散客,OTA散客,18,660,11880,2,1,
2026-04-02,豪华房,协议公司,协议公司,9,610,5490,1,0,
2026-04-02,豪华房,会员,会员,4,780,3120,0,0,
2026-04-02,行政房,散客直销,商务散客,18,1040,18720,2,0,
2026-04-02,行政房,会议团队,会议团队,11,880,9680,1,1,婚宴统筹公司
2026-04-02,行政房,OTA散客,OTA散客,9,970,8730,1,0,
2026-04-02,行政房,协议公司,协议公司,4,820,3280,0,0,
2026-04-02,行政房,会员,会员,2,1140,2280,0,0,
2026-04-02,套房,散客直销,商务散客,6,1670,10020,1,0,
2026-04-02,套房,会议团队,会议团队,4,1370,5480,1,0,
2026-04-02,套房,OTA散客,OTA散客,3,1520,4560,0,0,
2026-04-02,套房,协议公司,协议公司,1,1310,1310,0,0,
2026-04-02,套房,会员,会员,1,1730,1730,0,0,
2026-04-03,高级房,散客直销,商务散客,62,570,35340,6,3,
2026-04-03,高级房,会议团队,会议团队,36,440,15840,3,1,互联网峰会
2026-04-03,高级房,OTA散客,OTA散客,30,540,16200,3,1,
2026-04-03,高级房,协议公司,协议公司,15,460,6900,2,0,
2026-04-03,高级房,会员,会员,6,590,3540,1,0,
2026-04-03,豪华房,散客直销,商务散客,37,840,31080,4,1,
2026-04-03,豪华房,会议团队,会议团队,21,640,13440,3,1,纺织面料展团
2026-04-03,豪华房,OTA散客,OTA散客,18,770,13860,2,1,
2026-04-03,豪华房,协议公司,协议公司,9,600,5400,1,0,
2026-04-03,豪华房,会员,会员,4,860,3440,1,0,
2026-04-03,行政房,散客直销,商务散客,19,1160,22040,3,1,
2026-04-03,行政房,会议团队,会议团队,11,970,10670,2,0,金融培训营
2026-04-03,行政房,OTA散客,OTA散客,9,1050,9450,1,0,
2026-04-03,行政房,协议公司,协议公司,4,850,3400,0,0,
2026-04-03,行政房,会员,会员,2,1270,2540,0,0,
2026-04-03,套房,散客直销,商务散客,6,1740,10440,1,0,
2026-04-03,套房,会议团队,会议团队,4,1450,5800,0,0,
2026-04-03,套房,OTA散客,OTA散客,3,1680,5040,0,0,
2026-04-03,套房,协议公司,协议公司,1,1360,1360,0,0,
2026-04-03,套房,会员,会员,1,1870,1870,0,0,
2026-04-04,高级房,散客直销,商务散客,62,590,36580,7,3,
2026-04-04,高级房,会议团队,会议团队,36,490,17640,5,2,婚宴统筹公司
2026-04-04,高级房,OTA散客,OTA散客,30,550,16500,3,2,
2026-04-04,高级房,协议公司,协议公司,15,460,6900,1,1,
2026-04-04,高级房,会员,会员,6,650,3900,1,0,
2026-04-04,豪华房,散客直销,商务散客,37,840,31080,4,2,
2026-04-04,豪华房,会议团队,会议团队,21,710,14910,2,1,纺织面料展团
2026-04-04,豪华房,OTA散客,OTA散客,18,780,14040,1,1,
2026-04-04,豪华房,协议公司,协议公司,9,680,6120,1,0,
2026-04-04,豪华房,会员,会员,4,930,3720,0,0,
2026-04-04,行政房,散客直销,商务散客,19,1160,22040,2,1,
2026-04-04,行政房,会议团队,会议团队,11,950,10450,1,0,金融培训营
2026-04-04,行政房,OTA散客,OTA散客,9,1080,9720,1,0,
2026-04-04,行政房,协议公司,协议公司,4,980,3920,1,0,
2026-04-04,行政房,会员,会员,2,1220,2440,0,0,
2026-04-04,套房,散客直销,商务散客,6,1780,10680,1,0,
2026-04-04,套房,会议团队,会议团队,4,1530,6120,0,0,
2026-04-04,套房,OTA散客,OTA散客,3,1720,5160,0,0,
2026-04-04,套房,协议公司,协议公司,1,1430,1430,0,0,
2026-04-04,套房,会员,会员,1,1860,1860,0,0,
2026-04-05,高级房,散客直销,商务散客,62,550,34100,5,3,
2026-04-05,高级房,会议团队,会议团队,35,450,15750,5,2,华贸集团年会
2026-04-05,高级房,OTA散客,OTA散客,30,520,15600,3,1,
2026-04-05,高级房,协议公司,协议公司,15,430,6450,2,0,
2026-04-05,高级房,会员,会员,6,590,3540,1,0,
2026-04-05,豪华房,散客直销,商务散客,37,740,27380,4,2,
2026-04-05,豪华房,会议团队,会议团队,21,640,13440,2,1,婚宴统筹公司
2026-04-05,豪华房,OTA散客,OTA散客,18,700,12600,3,1,
2026-04-05,豪华房,协议公司,协议公司,9,570,5130,1,1,
2026-04-05,豪华房,会员,会员,4,810,3240,0,0,
2026-04-05,行政房,散客直销,商务散客,19,1110,21090,2,1,
2026-04-05,行政房,会议团队,会议团队,11,890,9790,1,0,纺织面料展团
2026-04-05,行政房,OTA散客,OTA散客,9,960,8640,1,1,
2026-04-05,行政房,协议公司,协议公司,4,880,3520,1,0,
2026-04-05,行政房,会员,会员,2,1190,2380,0,0,
2026-04-05,套房,散客直销,商务散客,6,1700,10200,1,0,
2026-04-05,套房,会议团队,会议团队,4,1290,5160,0,0,
2026-04-05,套房,OTA散客,OTA散客,3,1500,4500,0,0,
2026-04-05,套房,协议公司,协议公司,1,1310,1310,0,0,
2026-04-05,套房,会员,会员,1,1730,1730,0,0,
2026-04-06,高级房,散客直销,商务散客,50,450,22500,6,1,
2026-04-06,高级房,会议团队,会议团队,28,390,10920,2,1,新能源汽车发布会
2026-04-06,高级房,OTA散客,OTA散客,24,440,10560,2,1,
2026-04-06,高级房,协议公司,协议公司,12,370,4440,2,1,
2026-04-06,高级房,会员,会员,5,490,2450,1,0,
2026-04-06,豪华房,散客直销,商务散客,30,630,18900,3,1,
2026-04-06,豪华房,会议团队,会议团队,17,520,8840,2,1,互联网峰会
2026-04-06,豪华房,OTA散客,OTA散客,14,620,8680,1,1,
2026-04-06,豪华房,协议公司,协议公司,7,520,3640,1,0,
2026-04-06,豪华房,会员,会员,3,720,2160,0,0,
2026-04-06,行政房,散客直销,商务散客,15,950,14250,2,1,
2026-04-06,行政房,会议团队,会议团队,9,740,6660,1,0,华贸集团年会
2026-04-06,行政房,OTA散客,OTA散客,7,830,5810,1,0,
2026-04-06,行政房,协议公司,协议公司,4,700,2800,0,0,
2026-04-06,行政房,会员,会员,1,1050,1050,0,0,
2026-04-06,套房,散客直销,商务散客,5,1520,7600,1,0,
2026-04-06,套房,会议团队,会议团队,3,1140,3420,0,0,
2026-04-06,套房,OTA散客,OTA散客,2,1290,2580,0,0,
2026-04-06,套房,协议公司,协议公司,1,1080,1080,0,0,
2026-04-07,高级房,散客直销,商务散客,49,490,24010,6,2,
2026-04-07,高级房,会议团队,会议团队,28,360,10080,3,1,新能源汽车发布会
2026-04-07,高级房,OTA散客,OTA散客,23,420,9660,3,1,
2026-04-07,高级房,协议公司,协议公司,12,370,4440,1,0,
2026-04-07,高级房,会员,会员,5,510,2550,1,0,
2026-04-07,豪华房,散客直销,商务散客,29,650,18850,4,2,
2026-04-07,豪华房,会议团队,会议团队,17,560,9520,2,1,新能源汽车发布会
2026-04-07,豪华房,OTA散客,OTA散客,14,610,8540,2,1,
2026-04-07,豪华房,协议公司,协议公司,7,530,3710,1,0,
2026-04-07,豪华房,会员,会员,3,700,2100,0,0,
2026-04-07,行政房,散客直销,商务散客,15,980,14700,2,1,
2026-04-07,行政房,会议团队,会议团队,8,780,6240,1,0,婚宴统筹公司
2026-04-07,行政房,OTA散客,OTA散客,7,830,5810,1,0,
2026-04-07,行政房,协议公司,协议公司,4,760,3040,1,0,
2026-04-07,行政房,会员,会员,1,980,980,0,0,
2026-04-07,套房,散客直销,商务散客,5,1380,6900,1,0,
2026-04-07,套房,会议团队,会议团队,3,1140,3420,0,0,
2026-04-07,套房,OTA散客,OTA散客,2,1320,2640,0,0,
2026-04-07,套房,协议公司,协议公司,1,1060,1060,0,0,
2026-04-08,高级房,散客直销,商务散客,50,450,22500,5,2,
2026-04-08,高级房,会议团队,会议团队,29,380,11020,2,1,纺织面料展团
2026-04-08,高级房,OTA散客,OTA散客,24,450,10800,4,1,
2026-04-08,高级房,协议公司,协议公司,12,350,4200,2,1,
2026-04-08,高级房,会员,会员,5,520,2600,1,0,
2026-04-08,豪华房,散客直销,商务散客,30,700,21000,3,1,
2026-04-08,豪华房,会议团队,会议团队,17,560,9520,2,1,互联网峰会
2026-04-08,豪华房,OTA散客,OTA散客,14,640,8960,2,0,
2026-04-08,豪华房,协议公司,协议公司,7,500,3500,1,0,
2026-04-08,豪华房,会员,会员,3,680,2040,0,0,
2026-04-08,行政房,散客直销,商务散客,15,970,14550,2,1,
2026-04-08,行政房,会议团队,会议团队,9,750,6750,1,0,纺织面料展团
2026-04-08,行政房,OTA散客,OTA散客,7,910,6370,1,0,
2026-04-08,行政房,协议公司,协议公司,4,710,2840,0,0,
2026-04-08,行政房,会员,会员,1,1040,1040,0,0,
2026-04-08,套房,散客直销,商务散客,5,1520,7600,1,0,
2026-04-08,套房,会议团队,会议团队,3,1170,3510,0,0,
2026-04-08,套房,OTA散客,OTA散客,2,1340,2680,0,0,
2026-04-08,套房,协议公司,协议公司,1,1070,1070,0,0,
2026-04-09,高级房,散客直销,商务散客,51,470,23970,4,3,
2026-04-09,高级房,会议团队,会议团队,29,390,11310,3,1,纺织面料展团
2026-04-09,高级房,OTA散客,OTA散客,24,450,10800,3,1,
2026-04-09,高级房,协议公司,协议公司,12,370,4440,2,1,
2026-04-09,高级房,会员,会员,5,520,2600,0,0,
2026-04-09,豪华房,散客直销,商务散客,31,710,22010,4,1,
2026-04-09,豪华房,会议团队,会议团队,18,550,9900,2,1,医疗器械论坛
2026-04-09,豪华房,OTA散客,OTA散客,15,660,9900,2,0,
2026-04-09,豪华房,协议公司,协议公司,7,510,3570,1,0,
2026-04-09,豪华房,会员,会员,3,680,2040,0,0,
2026-04-09,行政房,散客直销,商务散客,15,960,14400,2,1,
2026-04-09,行政房,会议团队,会议团队,9,790,7110,1,0,金融培训营
2026-04-09,行政房,OTA散客,OTA散客,7,870,6090,1,0,
2026-04-09,行政房,协议公司,协议公司,4,780,3120,0,0,
2026-04-09,行政房,会员,会员,1,1010,1010,0,0,
2026-04-09,套房,散客直销,商务散客,5,1400,7000,1,0,
2026-04-09,套房,会议团队,会议团队,3,1220,3660,0,0,
2026-04-09,套房,OTA散客,OTA散客,2,1390,2780,0,0,
2026-04-09,套房,协议公司,协议公司,1,1090,1090,0,0,
2026-04-10,高级房,散客直销,商务散客,55,500,27500,5,1,
2026-04-10,高级房,会议团队,会议团队,31,440,13640,3,1,纺织面料展团
2026-04-10,高级房,OTA散客,OTA散客,26,480,12480,4,1,
2026-04-10,高级房,协议公司,协议公司,13,400,5200,1,0,
2026-04-10,高级房,会员,会员,5,520,2600,0,0,
2026-04-10,豪华房,散客直销,商务散客,33,730,24090,5,2,
2026-04-10,豪华房,会议团队,会议团队,19,610,11590,2,1,新能源汽车发布会
2026-04-10,豪华房,OTA散客,OTA散客,16,700,11200,2,1,
2026-04-10,豪华房,协议公司,协议公司,8,560,4480,1,0,
2026-04-10,豪华房,会员,会员,3,720,2160,0,0,
2026-04-10,行政房,散客直销,商务散客,16,990,15840,2,1,
2026-04-10,行政房,会议团队,会议团队,9,830,7470,1,0,新能源汽车发布会
2026-04-10,行政房,OTA散客,OTA散客,8,980,7840,1,0,
2026-04-10,行政房,协议公司,协议公司,4,810,3240,0,0,
2026-04-10,行政房,会员,会员,2,1090,2180,0,0,
2026-04-10,套房,散客直销,商务散客,5,1510,7550,0,0,
2026-04-10,套房,会议团队,会议团队,3,1230,3690,0,0,
2026-04-10,套房,OTA散客,OTA散客,3,1440,4320,0,0,
2026-04-10,套房,协议公司,协议公司,1,1210,1210,0,0,
2026-04-10,套房,会员,会员,1,1570,1570,0,0,
2026-04-11,高级房,散客直销,商务散客,57,550,31350,6,2,
2026-04-11,高级房,会议团队,会议团队,32,450,14400,5,1,医疗器械论坛
2026-04-11,高级房,OTA散客,OTA散客,27,470,12690,3,1,
2026-04-11,高级房,协议公司,协议公司,14,420,5880,2,0,
2026-04-11,高级房,会员,会员,5,530,2650,1,0,
2026-04-11,豪华房,散客直销,商务散客,34,750,25500,5,1,
2026-04-11,豪华房,会议团队,会议团队,19,620,11780,2,1,婚宴统筹公司
2026-04-11,豪华房,OTA散客,OTA散客,16,700,11200,2,1,
2026-04-11,豪华房,协议公司,协议公司,8,600,4800,1,0,
2026-04-11,豪华房,会员,会员,3,750,2250,0,0,
2026-04-11,行政房,散客直销,商务散客,17,1140,19380,2,1,
2026-04-11,行政房,会议团队,会议团队,10,840,8400,2,0,省级经销商大会
2026-04-11,行政房,OTA散客,OTA散客,8,940,7520,1,0,
2026-04-11,行政房,协议公司,协议公司,4,860,3440,1,0,
2026-04-11,行政房,会员,会员,2,1090,2180,0,0,
2026-04-11,套房,散客直销,商务散客,6,1600,9600,1,0,
2026-04-11,套房,会议团队,会议团队,3,1280,3840,0,0,
2026-04-11,套房,OTA散客,OTA散客,3,1530,4590,0,0,
2026-04-11,套房,协议公司,协议公司,1,1330,1330,0,0,
2026-04-11,套房,会员,会员,1,1670,1670,0,0,
2026-04-12,高级房,散客直销,商务散客,52,500,26000,4,2,
2026-04-12,高级房,会议团队,会议团队,30,410,12300,3,2,医疗器械论坛
2026-04-12,高级房,OTA散客,OTA散客,25,430,10750,3,1,
2026-04-12,高级房,协议公司,协议公司,12,360,4320,1,1,
2026-04-12,高级房,会员,会员,5,500,2500,1,0,
2026-04-12,豪华房,散客直销,商务散客,31,670,20770,4,2,
2026-04-12,豪华房,会议团队,会议团队,18,540,9720,2,1,医疗器械论坛
2026-04-12,豪华房,OTA散客,OTA散客,15,600,9000,1,1,
2026-04-12,豪华房,协议公司,协议公司,7,540,3780,1,0,
2026-04-12,豪华房,会员,会员,3,670,2010,0,0,
2026-04-12,行政房,散客直销,商务散客,15,980,14700,2,0,
2026-04-12,行政房,会议团队,会议团队,9,830,7470,1,0,金融培训营
2026-04-12,行政房,OTA散客,OTA散客,7,880,6160,1,0,
2026-04-12,行政房,协议公司,协议公司,4,730,2920,0,0,
2026-04-12,行政房,会员,会员,1,960,960,0,0,
2026-04-12,套房,散客直销,商务散客,5,1450,7250,1,0,
2026-04-12,套房,会议团队,会议团队,3,1240,3720,0,0,
2026-04-12,套房,OTA散客,OTA散客,2,1390,2780,0,0,
2026-04-12,套房,协议公司,协议公司,1,1200,1200,0,0,
2026-04-13,高级房,散客直销,商务散客,50,440,22000,7,2,
2026-04-13,高级房,会议团队,会议团队,28,400,11200,4,1,金融培训营
2026-04-13,高级房,OTA散客,OTA散客,24,420,10080,3,1,
2026-04-13,高级房,协议公司,协议公司,12,380,4560,2,1,
2026-04-13,高级房,会员,会员,5,490,2450,1,0,
2026-04-13,豪华房,散客直销,商务散客,30,650,19500,5,1,
2026-04-13,豪华房,会议团队,会议团队,17,570,9690,1,1,互联网峰会
2026-04-13,豪华房,OTA散客,OTA散客,14,620,8680,2,1,
2026-04-13,豪华房,协议公司,协议公司,7,510,3570,1,0,
2026-04-13,豪华房,会员,会员,3,660,1980,0,0,
2026-04-13,行政房,散客直销,商务散客,15,1000,15000,2,0,
2026-04-13,行政房,会议团队,会议团队,9,820,7380,1,0,纺织面料展团
2026-04-13,行政房,OTA散客,OTA散客,7,830,5810,1,0,
2026-04-13,行政房,协议公司,协议公司,4,760,3040,0,0,
2026-04-13,行政房,会员,会员,1,960,960,0,0,
2026-04-13,套房,散客直销,商务散客,5,1350,6750,1,0,
2026-04-13,套房,会议团队,会议团队,3,1110,3330,0,0,
2026-04-13,套房,OTA散客,OTA散客,2,1290,2580,0,0,
2026-04-13,套房,协议公司,协议公司,1,1170,1170,0,0,
2026-04-14,高级房,散客直销,商务散客,49,470,23030,6,3,
2026-04-14,高级房,会议团队,会议团队,28,370,10360,3,2,新能源汽车发布会
2026-04-14,高级房,OTA散客,OTA散客,23,410,9430,3,1,
2026-04-14,高级房,协议公司,协议公司,12,360,4320,2,1,
2026-04-14,高级房,会员,会员,5,460,2300,1,0,
2026-04-14,豪华房,散客直销,商务散客,29,660,19140,4,1,
2026-04-14,豪华房,会议团队,会议团队,17,560,9520,2,1,新能源汽车发布会
2026-04-14,豪华房,OTA散客,OTA散客,14,570,7980,2,0,
2026-04-14,豪华房,协议公司,协议公司,7,520,3640,1,0,
2026-04-14,豪华房,会员,会员,3,730,2190,0,0,
2026-04-14,行政房,散客直销,商务散客,15,920,13800,2,1,
2026-04-14,行政房,会议团队,会议团队,8,810,6480,1,0,华贸集团年会
2026-04-14,行政房,OTA散客,OTA散客,7,870,6090,1,0,
2026-04-14,行政房,协议公司,协议公司,4,740,2960,0,0,
2026-04-14,行政房,会员,会员,1,950,950,0,0,
2026-04-14,套房,散客直销,商务散客,5,1490,7450,0,0,
2026-04-14,套房,会议团队,会议团队,3,1220,3660,0,0,
2026-04-14,套房,OTA散客,OTA散客,2,1390,2780,0,0,
2026-04-14,套房,协议公司,协议公司,1,1180,1180,0,0,
2026-04-15,高级房,散客直销,商务散客,50,470,23500,5,1,
2026-04-15,高级房,会议团队,会议团队,29,370,10730,3,1,金融培训营
2026-04-15,高级房,OTA散客,OTA散客,24,420,10080,2,1,
2026-04-15,高级房,协议公司,协议公司,12,360,4320,2,1,
2026-04-15,高级房,会员,会员,5,490,2450,0,0,
2026-04-15,豪华房,散客直销,商务散客,30,700,21000,5,1,
2026-04-15,豪华房,会议团队,会议团队,17,570,9690,2,1,医疗器械论坛
2026-04-15,豪华房,OTA散客,OTA散客,14,590,8260,2,1,
2026-04-15,豪华房,协议公司,协议公司,7,490,3430,1,0,
2026-04-15,豪华房,会员,会员,3,700,2100,0,0,
2026-04-15,行政房,散客直销,商务散客,15,1010,15150,2,1,
2026-04-15,行政房,会议团队,会议团队,9,830,7470,1,0,省级经销商大会
2026-04-15,行政房,OTA散客,OTA散客,7,840,5880,1,0,
2026-04-15,行政房,协议公司,协议公司,4,760,3040,1,0,
2026-04-15,行政房,会员,会员,1,1060,1060,0,0,
2026-04-15,套房,散客直销,商务散客,5,1460,7300,0,0,
2026-04-15,套房,会议团队,会议团队,3,1230,3690,0,0,
2026-04-15,套房,OTA散客,OTA散客,2,1310,2620,0,0,
2026-04-15,套房,协议公司,协议公司,1,1100,1100,0,0,
2026-04-16,高级房,散客直销,商务散客,51,480,24480,8,2,
2026-04-16,高级房,会议团队,会议团队,29,400,11600,3,2,医疗器械论坛
2026-04-16,高级房,OTA散客,OTA散客,24,430,10320,2,1,
2026-04-16,高级房,协议公司,协议公司,12,350,4200,1,0,
2026-04-16,高级房,会员,会员,5,530,2650,1,0,
2026-04-16,豪华房,散客直销,商务散客,31,670,20770,4,1,
2026-04-16,豪华房,会议团队,会议团队,18,580,10440,3,1,新能源汽车发布会
2026-04-16,豪华房,OTA散客,OTA散客,15,600,9000,1,0,
2026-04-16,豪华房,协议公司,协议公司,7,540,3780,1,0,
2026-04-16,豪华房,会员,会员,3,670,2010,0,0,
2026-04-16,行政房,散客直销,商务散客,15,1020,15300,2,1,
2026-04-16,行政房,会议团队,会议团队,9,790,7110,1,1,纺织面料展团
2026-04-16,行政房,OTA散客,OTA散客,7,920,6440,1,0,
2026-04-16,行政房,协议公司,协议公司,4,720,2880,1,0,
2026-04-16,行政房,会员,会员,1,1070,1070,0,0,
2026-04-16,套房,散客直销,商务散客,5,1520,7600,1,0,
2026-04-16,套房,会议团队,会议团队,3,1200,3600,0,0,
2026-04-16,套房,OTA散客,OTA散客,2,1270,2540,0,0,
2026-04-16,套房,协议公司,协议公司,1,1080,1080,0,0,
2026-04-17,高级房,散客直销,商务散客,55,520,28600,5,3,
2026-04-17,高级房,会议团队,会议团队,31,430,13330,4,1,医疗器械论坛
2026-04-17,高级房,OTA散客,OTA散客,26,460,11960,3,1,
2026-04-17,高级房,协议公司,协议公司,13,380,4940,1,1,
2026-04-17,高级房,会员,会员,5,550,2750,1,0,
2026-04-17,豪华房,散客直销,商务散客,33,750,24750,3,2,
2026-04-17,豪华房,会议团队,会议团队,19,580,11020,2,1,纺织面料展团
2026-04-17,豪华房,OTA散客,OTA散客,16,690,11040,2,1,
2026-04-17,豪华房,协议公司,协议公司,8,540,4320,1,0,
2026-04-17,豪华房,会员,会员,3,750,2250,0,0,
2026-04-17,行政房,散客直销,商务散客,16,980,15680,3,0,
2026-04-17,行政房,会议团队,会议团队,9,860,7740,1,0,金融培训营
2026-04-17,行政房,OTA散客,OTA散客,8,960,7680,1,0,
2026-04-17,行政房,协议公司,协议公司,4,850,3400,1,0,
2026-04-17,行政房,会员,会员,2,1060,2120,0,0,
2026-04-17,套房,散客直销,商务散客,5,1570,7850,1,0,
2026-04-17,套房,会议团队,会议团队,3,1230,3690,0,0,
2026-04-17,套房,OTA散客,OTA散客,3,1450,4350,0,0,
2026-04-17,套房,协议公司,协议公司,1,1170,1170,0,0,
2026-04-17,套房,会员,会员,1,1640,1640,0,0,
2026-04-18,高级房,散客直销,商务散客,57,550,31350,5,1,
2026-04-18,高级房,会议团队,会议团队,32,460,14720,3,2,新能源汽车发布会
2026-04-18,高级房,OTA散客,OTA散客,27,520,14040,3,2,
2026-04-18,高级房,协议公司,协议公司,14,420,5880,2,1,
2026-04-18,高级房,会员,会员,5,580,2900,1,0,
2026-04-18,豪华房,散客直销,商务散客,34,780,26520,4,1,
2026-04-18,豪华房,会议团队,会议团队,19,610,11590,3,1,互联网峰会
2026-04-18,豪华房,OTA散客,OTA散客,16,660,10560,3,1,
2026-04-18,豪华房,协议公司,协议公司,8,560,4480,1,0,
2026-04-18,豪华房,会员,会员,3,760,2280,0,0,
2026-04-18,行政房,散客直销,商务散客,17,1130,19210,3,1,
2026-04-18,行政房,会议团队,会议团队,10,920,9200,1,0,新能源汽车发布会
2026-04-18,行政房,OTA散客,OTA散客,8,990,7920,1,0,
2026-04-18,行政房,协议公司,协议公司,4,800,3200,1,0,
2026-04-18,行政房,会员,会员,2,1150,2300,0,0,
2026-04-18,套房,散客直销,商务散客,6,1730,10380,1,0,
2026-04-18,套房,会议团队,会议团队,3,1340,4020,0,0,
2026-04-18,套房,OTA散客,OTA散客,3,1560,4680,0,0,
2026-04-18,套房,协议公司,协议公司,1,1290,1290,0,0,
2026-04-18,套房,会员,会员,1,1780,1780,0,0,
2026-04-19,高级房,散客直销,商务散客,52,490,25480,5,2,
2026-04-19,高级房,会议团队,会议团队,30,390,11700,4,1,金融培训营
2026-04-19,高级房,OTA散客,OTA散客,25,420,10500,3,1,
2026-04-19,高级房,协议公司,协议公司,12,380,4560,2,1,
2026-04-19,高级房,会员,会员,5,510,2550,1,0,
2026-04-19,豪华房,散客直销,商务散客,31,660,20460,4,2,
2026-04-19,豪华房,会议团队,会议团队,18,530,9540,2,1,医疗器械论坛
2026-04-19,豪华房,OTA散客,OTA散客,15,610,9150,1,1,
2026-04-19,豪华房,协议公司,协议公司,7,530,3710,1,0,
2026-04-19,豪华房,会员,会员,3,680,2040,0,0,
2026-04-19,行政房,散客直销,商务散客,15,940,14100,1,1,
2026-04-19,行政房,会议团队,会议团队,9,810,7290,1,0,省级经销商大会
2026-04-19,行政房,OTA散客,OTA散客,7,890,6230,1,0,
2026-04-19,行政房,协议公司,协议公司,4,740,2960,0,0,
2026-04-19,行政房,会员,会员,1,1060,1060,0,0,
2026-04-19,套房,散客直销,商务散客,5,1400,7000,1,0,
2026-04-19,套房,会议团队,会议团队,3,1180,3540,0,0,
2026-04-19,套房,OTA散客,OTA散客,2,1320,2640,0,0,
2026-04-19,套房,协议公司,协议公司,1,1160,1160,0,0,
2026-04-20,高级房,散客直销,商务散客,50,490,24500,6,2,
2026-04-20,高级房,会议团队,会议团队,28,400,11200,3,1,互联网峰会
2026-04-20,高级房,OTA散客,OTA散客,24,420,10080,3,1,
2026-04-20,高级房,协议公司,协议公司,12,360,4320,1,1,
2026-04-20,高级房,会员,会员,5,510,2550,1,0,
2026-04-20,豪华房,散客直销,商务散客,30,690,20700,3,1,
2026-04-20,豪华房,会议团队,会议团队,17,550,9350,2,1,互联网峰会
2026-04-20,豪华房,OTA散客,OTA散客,14,610,8540,1,1,
2026-04-20,豪华房,协议公司,协议公司,7,500,3500,1,0,
2026-04-20,豪华房,会员,会员,3,700,2100,0,0,
2026-04-20,行政房,散客直销,商务散客,15,950,14250,2,1,
2026-04-20,行政房,会议团队,会议团队,9,760,6840,1,0,医疗器械论坛
2026-04-20,行政房,OTA散客,OTA散客,7,830,5810,1,0,
2026-04-20,行政房,协议公司,协议公司,4,750,3000,1,0,
2026-04-20,行政房,会员,会员,1,970,970,0,0,
2026-04-20,套房,散客直销,商务散客,5,1420,7100,1,0,
2026-04-20,套房,会议团队,会议团队,3,1220,3660,0,0,
2026-04-20,套房,OTA散客,OTA散客,2,1390,2780,0,0,
2026-04-20,套房,协议公司,协议公司,1,1150,1150,0,0,
2026-04-21,高级房,散客直销,商务散客,49,470,23030,4,1,
2026-04-21,高级房,会议团队,会议团队,28,400,11200,3,1,华贸集团年会
2026-04-21,高级房,OTA散客,OTA散客,23,450,10350,3,1,
2026-04-21,高级房,协议公司,协议公司,12,340,4080,1,1,
2026-04-21,高级房,会员,会员,5,480,2400,1,0,
2026-04-21,豪华房,散客直销,商务散客,29,670,19430,4,1,
2026-04-21,豪华房,会议团队,会议团队,17,570,9690,2,1,新能源汽车发布会
2026-04-21,豪华房,OTA散客,OTA散客,14,580,8120,1,0,
2026-04-21,豪华房,协议公司,协议公司,7,490,3430,1,0,
2026-04-21,豪华房,会员,会员,3,680,2040,0,0,
2026-04-21,行政房,散客直销,商务散客,15,960,14400,2,1,
2026-04-21,行政房,会议团队,会议团队,8,760,6080,1,0,金融培训营
2026-04-21,行政房,OTA散客,OTA散客,7,860,6020,1,0,
2026-04-21,行政房,协议公司,协议公司,4,730,2920,1,0,
2026-04-21,行政房,会员,会员,1,990,990,0,0,
2026-04-21,套房,散客直销,商务散客,5,1400,7000,1,0,
2026-04-21,套房,会议团队,会议团队,3,1150,3450,0,0,
2026-04-21,套房,OTA散客,OTA散客,2,1250,2500,0,0,
2026-04-21,套房,协议公司,协议公司,1,1090,1090,0,0,
2026-04-22,高级房,散客直销,商务散客,50,480,24000,8,2,
2026-04-22,高级房,会议团队,会议团队,29,370,10730,3,1,医疗器械论坛
2026-04-22,高级房,OTA散客,OTA散客,24,420,10080,3,1,
2026-04-22,高级房,协议公司,协议公司,12,350,4200,1,1,
2026-04-22,高级房,会员,会员,5,480,2400,0,0,
2026-04-22,豪华房,散客直销,商务散客,30,660,19800,3,2,
2026-04-22,豪华房,会议团队,会议团队,17,570,9690,2,1,省级经销商大会
2026-04-22,豪华房,OTA散客,OTA散客,14,600,8400,2,1,
2026-04-22,豪华房,协议公司,协议公司,7,500,3500,1,0,
2026-04-22,豪华房,会员,会员,3,680,2040,0,0,
2026-04-22,行政房,散客直销,商务散客,15,900,13500,2,0,
2026-04-22,行政房,会议团队,会议团队,9,810,7290,1,0,互联网峰会
2026-04-22,行政房,OTA散客,OTA散客,7,910,6370,1,0,
2026-04-22,行政房,协议公司,协议公司,4,730,2920,1,0,
2026-04-22,行政房,会员,会员,1,1020,1020,0,0,
2026-04-22,套房,散客直销,商务散客,5,1430,7150,1,0,
2026-04-22,套房,会议团队,会议团队,3,1130,3390,0,0,
2026-04-22,套房,OTA散客,OTA散客,2,1410,2820,0,0,
2026-04-22,套房,协议公司,协议公司,1,1140,1140,0,0,
2026-04-23,高级房,散客直销,商务散客,51,450,22950,5,2,
2026-04-23,高级房,会议团队,会议团队,29,370,10730,4,2,省级经销商大会
2026-04-23,高级房,OTA散客,OTA散客,24,440,10560,4,1,
2026-04-23,高级房,协议公司,协议公司,12,370,4440,2,0,
2026-04-23,高级房,会员,会员,5,530,2650,1,0,
2026-04-23,豪华房,散客直销,商务散客,31,680,21080,4,1,
2026-04-23,豪华房,会议团队,会议团队,18,570,10260,3,1,互联网峰会
2026-04-23,豪华房,OTA散客,OTA散客,15,640,9600,2,0,
2026-04-23,豪华房,协议公司,协议公司,7,510,3570,1,0,
2026-04-23,豪华房,会员,会员,3,720,2160,0,0,
2026-04-23,行政房,散客直销,商务散客,15,980,14700,2,1,
2026-04-23,行政房,会议团队,会议团队,9,750,6750,1,0,省级经销商大会
2026-04-23,行政房,OTA散客,OTA散客,7,910,6370,1,0,
2026-04-23,行政房,协议公司,协议公司,4,760,3040,1,0,
2026-04-23,行政房,会员,会员,1,980,980,0,0,
2026-04-23,套房,散客直销,商务散客,5,1460,7300,0,0,
2026-04-23,套房,会议团队,会议团队,3,1160,3480,0,0,
2026-04-23,套房,OTA散客,OTA散客,2,1340,2680,0,0,
2026-04-23,套房,协议公司,协议公司,1,1090,1090,0,0,
2026-04-24,高级房,散客直销,商务散客,55,520,28600,8,2,
2026-04-24,高级房,会议团队,会议团队,31,410,12710,3,1,新能源汽车发布会
2026-04-24,高级房,OTA散客,OTA散客,26,450,11700,3,1,
2026-04-24,高级房,协议公司,协议公司,13,410,5330,2,0,
2026-04-24,高级房,会员,会员,5,550,2750,1,0,
2026-04-24,豪华房,散客直销,商务散客,33,760,25080,4,1,
2026-04-24,豪华房,会议团队,会议团队,19,600,11400,3,1,纺织面料展团
2026-04-24,豪华房,OTA散客,OTA散客,16,650,10400,2,1,
2026-04-24,豪华房,协议公司,协议公司,8,550,4400,1,0,
2026-04-24,豪华房,会员,会员,3,730,2190,0,0,
2026-04-24,行政房,散客直销,商务散客,16,1010,16160,2,1,
2026-04-24,行政房,会议团队,会议团队,9,820,7380,1,0,纺织面料展团
2026-04-24,行政房,OTA散客,OTA散客,8,900,7200,1,0,
2026-04-24,行政房,协议公司,协议公司,4,790,3160,1,0,
2026-04-24,行政房,会员,会员,2,1070,2140,0,0,
2026-04-24,套房,散客直销,商务散客,5,1620,8100,1,0,
2026-04-24,套房,会议团队,会议团队,3,1310,3930,0,0,
2026-04-24,套房,OTA散客,OTA散客,3,1430,4290,0,0,
2026-04-24,套房,协议公司,协议公司,1,1180,1180,0,0,
2026-04-24,套房,会员,会员,1,1670,1670,0,0,
2026-04-25,高级房,散客直销,商务散客,57,550,31350,5,3,
2026-04-25,高级房,会议团队,会议团队,32,450,14400,4,1,互联网峰会
2026-04-25,高级房,OTA散客,OTA散客,27,480,12960,3,1,
2026-04-25,高级房,协议公司,协议公司,14,410,5740,2,1,
2026-04-25,高级房,会员,会员,5,560,2800,0,0,
2026-04-25,豪华房,散客直销,商务散客,34,740,25160,4,2,
2026-04-25,豪华房,会议团队,会议团队,19,600,11400,3,1,华贸集团年会
2026-04-25,豪华房,OTA散客,OTA散客,16,680,10880,1,1,
2026-04-25,豪华房,协议公司,协议公司,8,590,4720,1,0,
2026-04-25,豪华房,会员,会员,3,790,2370,0,0,
2026-04-25,行政房,散客直销,商务散客,17,1120,19040,2,1,
2026-04-25,行政房,会议团队,会议团队,10,940,9400,1,0,金融培训营
2026-04-25,行政房,OTA散客,OTA散客,8,980,7840,1,0,
2026-04-25,行政房,协议公司,协议公司,4,850,3400,0,0,
2026-04-25,行政房,会员,会员,2,1070,2140,0,0,
2026-04-25,套房,散客直销,商务散客,6,1680,10080,1,0,
2026-04-25,套房,会议团队,会议团队,3,1290,3870,0,0,
2026-04-25,套房,OTA散客,OTA散客,3,1590,4770,0,0,
2026-04-25,套房,协议公司,协议公司,1,1240,1240,0,0,
2026-04-25,套房,会员,会员,1,1680,1680,0,0,
2026-04-26,高级房,散客直销,商务散客,52,500,26000,8,2,
2026-04-26,高级房,会议团队,会议团队,30,400,12000,3,1,新能源汽车发布会
2026-04-26,高级房,OTA散客,OTA散客,25,440,11000,4,1,
2026-04-26,高级房,协议公司,协议公司,12,350,4200,1,0,
2026-04-26,高级房,会员,会员,5,510,2550,1,0,
2026-04-26,豪华房,散客直销,商务散客,31,690,21390,3,1,
2026-04-26,豪华房,会议团队,会议团队,18,530,9540,2,0,婚宴统筹公司
2026-04-26,豪华房,OTA散客,OTA散客,15,600,9000,2,1,
2026-04-26,豪华房,协议公司,协议公司,7,500,3500,1,0,
2026-04-26,豪华房,会员,会员,3,680,2040,0,0,
2026-04-26,行政房,散客直销,商务散客,15,1010,15150,1,1,
2026-04-26,行政房,会议团队,会议团队,9,830,7470,1,0,省级经销商大会
2026-04-26,行政房,OTA散客,OTA散客,7,870,6090,1,0,
2026-04-26,行政房,协议公司,协议公司,4,800,3200,0,0,
2026-04-26,行政房,会员,会员,1,970,970,0,0,
2026-04-26,套房,散客直销,商务散客,5,1440,7200,1,0,
2026-04-26,套房,会议团队,会议团队,3,1150,3450,0,0,
2026-04-26,套房,OTA散客,OTA散客,2,1400,2800,0,0,
2026-04-26,套房,协议公司,协议公司,1,1170,1170,0,0,
2026-04-27,高级房,散客直销,商务散客,60,510,30600,6,2,
2026-04-27,高级房,会议团队,会议团队,34,430,14620,5,2,金融培训营
2026-04-27,高级房,OTA散客,OTA散客,28,500,14000,3,2,
2026-04-27,高级房,协议公司,协议公司,14,420,5880,2,0,
2026-04-27,高级房,会员,会员,6,550,3300,1,0,
2026-04-27,豪华房,散客直销,商务散客,36,710,25560,5,1,
2026-04-27,豪华房,会议团队,会议团队,20,600,12000,2,1,金融培训营
2026-04-27,豪华房,OTA散客,OTA散客,17,660,11220,2,1,
2026-04-27,豪华房,协议公司,协议公司,9,610,5490,1,0,
2026-04-27,豪华房,会员,会员,3,770,2310,0,0,
2026-04-27,行政房,散客直销,商务散客,18,1080,19440,2,1,
2026-04-27,行政房,会议团队,会议团队,10,840,8400,2,0,华贸集团年会
2026-04-27,行政房,OTA散客,OTA散客,9,940,8460,1,0,
2026-04-27,行政房,协议公司,协议公司,4,790,3160,0,0,
2026-04-27,行政房,会员,会员,2,1120,2240,0,0,
2026-04-27,套房,散客直销,商务散客,6,1690,10140,1,0,
2026-04-27,套房,会议团队,会议团队,3,1300,3900,0,0,
2026-04-27,套房,OTA散客,OTA散客,3,1420,4260,0,0,
2026-04-27,套房,协议公司,协议公司,1,1280,1280,0,0,
2026-04-27,套房,会员,会员,1,1760,1760,0,0,
2026-04-28,高级房,散客直销,商务散客,59,510,30090,7,3,
2026-04-28,高级房,会议团队,会议团队,34,410,13940,3,1,纺织面料展团
2026-04-28,高级房,OTA散客,OTA散客,28,490,13720,4,1,
2026-04-28,高级房,协议公司,协议公司,14,430,6020,2,0,
2026-04-28,高级房,会员,会员,6,530,3180,1,0,
2026-04-28,豪华房,散客直销,商务散客,35,750,26250,4,1,
2026-04-28,豪华房,会议团队,会议团队,20,590,11800,2,1,省级经销商大会
2026-04-28,豪华房,OTA散客,OTA散客,17,670,11390,2,1,
2026-04-28,豪华房,协议公司,协议公司,8,610,4880,1,0,
2026-04-28,豪华房,会员,会员,3,750,2250,0,0,
2026-04-28,行政房,散客直销,商务散客,18,1040,18720,2,1,
2026-04-28,行政房,会议团队,会议团队,10,910,9100,1,1,互联网峰会
2026-04-28,行政房,OTA散客,OTA散客,8,980,7840,1,0,
2026-04-28,行政房,协议公司,协议公司,4,790,3160,0,0,
2026-04-28,行政房,会员,会员,2,1140,2280,0,0,
2026-04-28,套房,散客直销,商务散客,6,1600,9600,1,0,
2026-04-28,套房,会议团队,会议团队,3,1250,3750,0,0,
2026-04-28,套房,OTA散客,OTA散客,3,1480,4440,0,0,
2026-04-28,套房,协议公司,协议公司,1,1320,1320,0,0,
2026-04-28,套房,会员,会员,1,1670,1670,0,0,
2026-04-29,高级房,散客直销,商务散客,60,540,32400,5,3,
2026-04-29,高级房,会议团队,会议团队,34,460,15640,5,1,互联网峰会
2026-04-29,高级房,OTA散客,OTA散客,29,510,14790,4,1,
2026-04-29,高级房,协议公司,协议公司,14,430,6020,2,1,
2026-04-29,高级房,会员,会员,6,590,3540,1,0,
2026-04-29,豪华房,散客直销,商务散客,36,770,27720,4,2,
2026-04-29,豪华房,会议团队,会议团队,21,590,12390,2,1,省级经销商大会
2026-04-29,豪华房,OTA散客,OTA散客,17,660,11220,2,0,
2026-04-29,豪华房,协议公司,协议公司,9,570,5130,1,0,
2026-04-29,豪华房,会员,会员,3,800,2400,0,0,
2026-04-29,行政房,散客直销,商务散客,18,1070,19260,3,1,
2026-04-29,行政房,会议团队,会议团队,10,830,8300,1,0,互联网峰会
2026-04-29,行政房,OTA散客,OTA散客,9,990,8910,1,0,
2026-04-29,行政房,协议公司,协议公司,4,800,3200,0,0,
2026-04-29,行政房,会员,会员,2,1120,2240,0,0,
2026-04-29,套房,散客直销,商务散客,6,1580,9480,1,0,
2026-04-29,套房,会议团队,会议团队,3,1310,3930,0,0,
2026-04-29,套房,OTA散客,OTA散客,3,1470,4410,0,0,
2026-04-29,套房,协议公司,协议公司,1,1250,1250,0,0,
2026-04-29,套房,会员,会员,1,1680,1680,0,0,
2026-04-30,高级房,散客直销,商务散客,61,540,32940,6,2,
2026-04-30,高级房,会议团队,会议团队,35,420,14700,3,2,金融培训营
2026-04-30,高级房,OTA散客,OTA散客,29,470,13630,4,1,
2026-04-30,高级房,协议公司,协议公司,15,400,6000,1,1,
2026-04-30,高级房,会员,会员,6,590,3540,1,0,
2026-04-30,豪华房,散客直销,商务散客,37,760,28120,6,2,
2026-04-30,豪华房,会议团队,会议团队,21,620,13020,3,1,互联网峰会
2026-04-30,豪华房,OTA散客,OTA散客,18,720,12960,2,1,
2026-04-30,豪华房,协议公司,协议公司,9,590,5310,1,0,
2026-04-30,豪华房,会员,会员,4,820,3280,0,0,
2026-04-30,行政房,散客直销,商务散客,18,1040,18720,2,0,
2026-04-30,行政房,会议团队,会议团队,11,910,10010,1,0,省级经销商大会
2026-04-30,行政房,OTA散客,OTA散客,9,1010,9090,1,0,
2026-04-30,行政房,协议公司,协议公司,4,830,3320,0,0,
2026-04-30,行政房,会员,会员,2,1200,2400,0,0,
2026-04-30,套房,散客直销,商务散客,6,1610,9660,0,0,
2026-04-30,套房,会议团队,会议团队,4,1300,5200,0,0,
2026-04-30,套房,OTA散客,OTA散客,3,1510,4530,0,0,
2026-04-30,套房,协议公司,协议公司,1,1270,1270,0,0,
2026-04-30,套房,会员,会员,1,1810,1810,0,0,
2026-05-01,高级房,散客直销,商务散客,62,620,38440,5,2,
2026-05-01,高级房,会议团队,会议团队,36,490,17640,6,1,婚宴统筹公司
2026-05-01,高级房,OTA散客,OTA散客,30,550,16500,4,2,
2026-05-01,高级房,协议公司,协议公司,15,440,6600,2,0,
2026-05-01,高级房,会员,会员,6,630,3780,1,0,
2026-05-01,豪华房,散客直销,商务散客,37,840,31080,5,1,
2026-05-01,豪华房,会议团队,会议团队,21,720,15120,2,1,医疗器械论坛
2026-05-01,豪华房,OTA散客,OTA散客,18,800,14400,2,1,
2026-05-01,豪华房,协议公司,协议公司,9,620,5580,1,0,
2026-05-01,豪华房,会员,会员,4,830,3320,0,0,
2026-05-01,行政房,散客直销,商务散客,19,1250,23750,3,1,
2026-05-01,行政房,会议团队,会议团队,11,980,10780,1,1,省级经销商大会
2026-05-01,行政房,OTA散客,OTA散客,9,1110,9990,1,0,
2026-05-01,行政房,协议公司,协议公司,4,970,3880,1,0,
2026-05-01,行政房,会员,会员,2,1240,2480,0,0,
2026-05-01,套房,散客直销,商务散客,6,1780,10680,1,0,
2026-05-01,套房,会议团队,会议团队,4,1460,5840,0,0,
2026-05-01,套房,OTA散客,OTA散客,3,1670,5010,0,0,
2026-05-01,套房,协议公司,协议公司,1,1360,1360,0,0,
2026-05-01,套房,会员,会员,1,1900,1900,0,0,
2026-05-02,高级房,散客直销,商务散客,62,650,40300,8,1,
2026-05-02,高级房,会议团队,会议团队,36,520,18720,5,1,华贸集团年会
2026-05-02,高级房,OTA散客,OTA散客,30,610,18300,4,1,
2026-05-02,高级房,协议公司,协议公司,15,520,7800,1,1,
2026-05-02,高级房,会员,会员,6,670,4020,1,0,
2026-05-02,豪华房,散客直销,商务散客,37,900,33300,6,1,
2026-05-02,豪华房,会议团队,会议团队,21,740,15540,3,0,纺织面料展团
2026-05-02,豪华房,OTA散客,OTA散客,18,840,15120,2,0,
2026-05-02,豪华房,协议公司,协议公司,9,650,5850,1,0,
2026-05-02,豪华房,会员,会员,4,880,3520,0,0,
2026-05-02,行政房,散客直销,商务散客,19,1340,25460,2,1,
2026-05-02,行政房,会议团队,会议团队,11,1100,12100,1,0,省级经销商大会
2026-05-02,行政房,OTA散客,OTA散客,9,1130,10170,1,0,
2026-05-02,行政房,协议公司,协议公司,4,1020,4080,1,0,
2026-05-02,行政房,会员,会员,2,1310,2620,0,0,
2026-05-02,套房,散客直销,商务散客,6,2030,12180,1,0,
2026-05-02,套房,会议团队,会议团队,4,1660,6640,0,0,
2026-05-02,套房,OTA散客,OTA散客,3,1870,5610,0,0,
2026-05-02,套房,协议公司,协议公司,1,1510,1510,0,0,
2026-05-02,套房,会员,会员,1,1940,1940,0,0,
2026-05-03,高级房,散客直销,商务散客,62,580,35960,6,2,
2026-05-03,高级房,会议团队,会议团队,36,470,16920,5,2,互联网峰会
2026-05-03,高级房,OTA散客,OTA散客,30,490,14700,4,1,
2026-05-03,高级房,协议公司,协议公司,15,440,6600,1,1,
2026-05-03,高级房,会员,会员,6,600,3600,1,0,
2026-05-03,豪华房,散客直销,商务散客,37,820,30340,3,1,
2026-05-03,豪华房,会议团队,会议团队,21,680,14280,2,1,纺织面料展团
2026-05-03,豪华房,OTA散客,OTA散客,18,690,12420,3,0,
2026-05-03,豪华房,协议公司,协议公司,9,580,5220,1,0,
2026-05-03,豪华房,会员,会员,4,850,3400,1,0,
2026-05-03,行政房,散客直销,商务散客,19,1140,21660,3,0,
2026-05-03,行政房,会议团队,会议团队,11,920,10120,1,0,新能源汽车发布会
2026-05-03,行政房,OTA散客,OTA散客,9,1070,9630,1,0,
2026-05-03,行政房,协议公司,协议公司,4,840,3360,0,0,
2026-05-03,行政房,会员,会员,2,1260,2520,0,0,
2026-05-03,套房,散客直销,商务散客,6,1730,10380,1,0,
2026-05-03,套房,会议团队,会议团队,4,1480,5920,0,0,
2026-05-03,套房,OTA散客,OTA散客,3,1510,4530,0,0,
2026-05-03,套房,协议公司,协议公司,1,1270,1270,0,0,
2026-05-03,套房,会员,会员,1,1770,1770,0,0,
2026-05-04,高级房,散客直销,商务散客,51,500,25500,6,1,
2026-05-04,高级房,会议团队,会议团队,29,390,11310,4,1,金融培训营
2026-05-04,高级房,OTA散客,OTA散客,24,430,10320,2,1,
2026-05-04,高级房,协议公司,协议公司,12,370,4440,2,1,
2026-05-04,高级房,会员,会员,5,530,2650,0,0,
2026-05-04,豪华房,散客直销,商务散客,30,680,20400,2,1,
2026-05-04,豪华房,会议团队,会议团队,17,580,9860,2,1,纺织面料展团
2026-05-04,豪华房,OTA散客,OTA散客,15,650,9750,2,1,
2026-05-04,豪华房,协议公司,协议公司,7,540,3780,1,0,
2026-05-04,豪华房,会员,会员,3,690,2070,0,0,
2026-05-04,行政房,散客直销,商务散客,15,1010,15150,2,1,
2026-05-04,行政房,会议团队,会议团队,9,830,7470,1,0,省级经销商大会
2026-05-04,行政房,OTA散客,OTA散客,7,870,6090,1,0,
2026-05-04,行政房,协议公司,协议公司,4,770,3080,0,0,
2026-05-04,行政房,会员,会员,1,1070,1070,0,0,
2026-05-04,套房,散客直销,商务散客,5,1490,7450,1,0,
2026-05-04,套房,会议团队,会议团队,3,1290,3870,0,0,
2026-05-04,套房,OTA散客,OTA散客,2,1450,2900,0,0,
2026-05-04,套房,协议公司,协议公司,1,1210,1210,0,0,
2026-05-05,高级房,散客直销,商务散客,50,470,23500,8,1,
2026-05-05,高级房,会议团队,会议团队,29,420,12180,4,1,婚宴统筹公司
2026-05-05,高级房,OTA散客,OTA散客,24,480,11520,2,1,
2026-05-05,高级房,协议公司,协议公司,12,390,4680,2,1,
2026-05-05,高级房,会员,会员,5,540,2700,1,0,
2026-05-05,豪华房,散客直销,商务散客,30,660,19800,3,1,
2026-05-05,豪华房,会议团队,会议团队,17,580,9860,1,1,新能源汽车发布会
2026-05-05,豪华房,OTA散客,OTA散客,14,620,8680,1,1,
2026-05-05,豪华房,协议公司,协议公司,7,540,3780,1,0,
2026-05-05,豪华房,会员,会员,3,700,2100,0,0,
2026-05-05,行政房,散客直销,商务散客,15,1010,15150,2,1,
2026-05-05,行政房,会议团队,会议团队,9,840,7560,1,0,华贸集团年会
2026-05-05,行政房,OTA散客,OTA散客,7,890,6230,1,0,
2026-05-05,行政房,协议公司,协议公司,4,820,3280,1,0,
2026-05-05,行政房,会员,会员,1,1000,1000,0,0,
2026-05-05,套房,散客直销,商务散客,5,1520,7600,1,0,
2026-05-05,套房,会议团队,会议团队,3,1300,3900,0,0,
2026-05-05,套房,OTA散客,OTA散客,2,1370,2740,0,0,
2026-05-05,套房,协议公司,协议公司,1,1160,1160,0,0,
2026-05-06,高级房,散客直销,商务散客,51,510,26010,6,2,
2026-05-06,高级房,会议团队,会议团队,29,410,11890,3,1,纺织面料展团
2026-05-06,高级房,OTA散客,OTA散客,24,430,10320,2,1,
2026-05-06,高级房,协议公司,协议公司,12,400,4800,2,0,
2026-05-06,高级房,会员,会员,5,540,2700,1,0,
2026-05-06,豪华房,散客直销,商务散客,31,700,21700,4,1,
2026-05-06,豪华房,会议团队,会议团队,18,580,10440,2,1,纺织面料展团
2026-05-06,豪华房,OTA散客,OTA散客,15,640,9600,1,1,
2026-05-06,豪华房,协议公司,协议公司,7,530,3710,1,0,
2026-05-06,豪华房,会员,会员,3,740,2220,0,0,
2026-05-06,行政房,散客直销,商务散客,15,970,14550,2,1,
2026-05-06,行政房,会议团队,会议团队,9,860,7740,1,0,省级经销商大会
2026-05-06,行政房,OTA散客,OTA散客,7,970,6790,1,0,
2026-05-06,行政房,协议公司,协议公司,4,740,2960,0,0,
2026-05-06,行政房,会员,会员,1,1050,1050,0,0,
2026-05-06,套房,散客直销,商务散客,5,1540,7700,0,0,
2026-05-06,套房,会议团队,会议团队,3,1190,3570,0,0,
2026-05-06,套房,OTA散客,OTA散客,2,1460,2920,0,0,
2026-05-06,套房,协议公司,协议公司,1,1130,1130,0,0,
2026-05-07,高级房,散客直销,商务散客,52,510,26520,8,2,
2026-05-07,高级房,会议团队,会议团队,30,430,12900,4,1,新能源汽车发布会
2026-05-07,高级房,OTA散客,OTA散客,25,480,12000,2,1,
2026-05-07,高级房,协议公司,协议公司,12,400,4800,2,0,
2026-05-07,高级房,会员,会员,5,510,2550,0,0,
2026-05-07,豪华房,散客直销,商务散客,31,670,20770,3,2,
2026-05-07,豪华房,会议团队,会议团队,18,580,10440,3,1,医疗器械论坛
2026-05-07,豪华房,OTA散客,OTA散客,15,670,10050,2,0,
2026-05-07,豪华房,协议公司,协议公司,7,520,3640,1,0,
2026-05-07,豪华房,会员,会员,3,740,2220,0,0,
2026-05-07,行政房,散客直销,商务散客,16,1030,16480,2,0,
2026-05-07,行政房,会议团队,会议团队,9,860,7740,1,0,金融培训营
2026-05-07,行政房,OTA散客,OTA散客,7,980,6860,1,0,
2026-05-07,行政房,协议公司,协议公司,4,780,3120,0,0,
2026-05-07,行政房,会员,会员,1,1080,1080,0,0,
2026-05-07,套房,散客直销,商务散客,5,1550,7750,1,0,
2026-05-07,套房,会议团队,会议团队,3,1310,3930,0,0,
2026-05-07,套房,OTA散客,OTA散客,2,1460,2920,0,0,
2026-05-07,套房,协议公司,协议公司,1,1190,1190,0,0,
2026-05-08,高级房,散客直销,商务散客,56,520,29120,5,3,
2026-05-08,高级房,会议团队,会议团队,32,430,13760,5,1,新能源汽车发布会
2026-05-08,高级房,OTA散客,OTA散客,27,470,12690,2,1,
2026-05-08,高级房,协议公司,协议公司,13,410,5330,2,0,
2026-05-08,高级房,会员,会员,5,550,2750,1,0,
2026-05-08,豪华房,散客直销,商务散客,34,740,25160,3,1,
2026-05-08,豪华房,会议团队,会议团队,19,610,11590,2,1,纺织面料展团
2026-05-08,豪华房,OTA散客,OTA散客,16,730,11680,2,1,
2026-05-08,豪华房,协议公司,协议公司,8,610,4880,1,0,
2026-05-08,豪华房,会员,会员,3,740,2220,0,0,
2026-05-08,行政房,散客直销,商务散客,17,1110,18870,2,1,
2026-05-08,行政房,会议团队,会议团队,10,880,8800,1,1,华贸集团年会
2026-05-08,行政房,OTA散客,OTA散客,8,930,7440,1,0,
2026-05-08,行政房,协议公司,协议公司,4,870,3480,0,0,
2026-05-08,行政房,会员,会员,2,1160,2320,0,0,
2026-05-08,套房,散客直销,商务散客,6,1680,10080,1,0,
2026-05-08,套房,会议团队,会议团队,3,1250,3750,0,0,
2026-05-08,套房,OTA散客,OTA散客,3,1420,4260,0,0,
2026-05-08,套房,协议公司,协议公司,1,1270,1270,0,0,
2026-05-08,套房,会员,会员,1,1780,1780,0,0,
2026-05-09,高级房,散客直销,商务散客,58,560,32480,7,3,
2026-05-09,高级房,会议团队,会议团队,33,440,14520,4,1,省级经销商大会
2026-05-09,高级房,OTA散客,OTA散客,28,520,14560,4,1,
2026-05-09,高级房,协议公司,协议公司,14,450,6300,1,1,
2026-05-09,高级房,会员,会员,6,580,3480,1,0,
2026-05-09,豪华房,散客直销,商务散客,35,770,26950,5,1,
2026-05-09,豪华房,会议团队,会议团队,20,610,12200,2,1,婚宴统筹公司
2026-05-09,豪华房,OTA散客,OTA散客,17,740,12580,2,1,
2026-05-09,豪华房,协议公司,协议公司,8,650,5200,1,0,
2026-05-09,豪华房,会员,会员,3,830,2490,0,0,
2026-05-09,行政房,散客直销,商务散客,17,1200,20400,2,1,
2026-05-09,行政房,会议团队,会议团队,10,930,9300,1,0,新能源汽车发布会
2026-05-09,行政房,OTA散客,OTA散客,8,1010,8080,1,0,
2026-05-09,行政房,协议公司,协议公司,4,870,3480,1,0,
2026-05-09,行政房,会员,会员,2,1160,2320,0,0,
2026-05-09,套房,散客直销,商务散客,6,1750,10500,1,0,
2026-05-09,套房,会议团队,会议团队,3,1380,4140,0,0,
2026-05-09,套房,OTA散客,OTA散客,3,1570,4710,0,0,
2026-05-09,套房,协议公司,协议公司,1,1370,1370,0,0,
2026-05-09,套房,会员,会员,1,1790,1790,0,0,
2026-05-10,高级房,散客直销,商务散客,53,490,25970,7,3,
2026-05-10,高级房,会议团队,会议团队,30,420,12600,4,1,医疗器械论坛
2026-05-10,高级房,OTA散客,OTA散客,25,470,11750,3,1,
2026-05-10,高级房,协议公司,协议公司,13,390,5070,1,1,
2026-05-10,高级房,会员,会员,5,500,2500,1,0,
2026-05-10,豪华房,散客直销,商务散客,32,730,23360,4,1,
2026-05-10,豪华房,会议团队,会议团队,18,590,10620,3,1,华贸集团年会
2026-05-10,豪华房,OTA散客,OTA散客,15,620,9300,2,1,
2026-05-10,豪华房,协议公司,协议公司,8,570,4560,1,0,
2026-05-10,豪华房,会员,会员,3,780,2340,0,0,
2026-05-10,行政房,散客直销,商务散客,16,980,15680,2,0,
2026-05-10,行政房,会议团队,会议团队,9,860,7740,1,0,华贸集团年会
2026-05-10,行政房,OTA散客,OTA散客,8,890,7120,1,0,
2026-05-10,行政房,协议公司,协议公司,4,780,3120,1,0,
2026-05-10,行政房,会员,会员,2,1030,2060,0,0,
2026-05-10,套房,散客直销,商务散客,5,1490,7450,0,0,
2026-05-10,套房,会议团队,会议团队,3,1210,3630,0,0,
2026-05-10,套房,OTA散客,OTA散客,3,1470,4410,0,0,
2026-05-10,套房,协议公司,协议公司,1,1220,1220,0,0,
2026-05-10,套房,会员,会员,1,1610,1610,0,0,
2026-05-11,高级房,散客直销,商务散客,51,480,24480,6,3,
2026-05-11,高级房,会议团队,会议团队,29,390,11310,3,1,纺织面料展团
2026-05-11,高级房,OTA散客,OTA散客,24,450,10800,4,1,
2026-05-11,高级房,协议公司,协议公司,12,400,4800,2,0,
2026-05-11,高级房,会员,会员,5,490,2450,1,0,
2026-05-11,豪华房,散客直销,商务散客,30,690,20700,5,1,
2026-05-11,豪华房,会议团队,会议团队,17,550,9350,2,1,互联网峰会
2026-05-11,豪华房,OTA散客,OTA散客,15,660,9900,2,0,
2026-05-11,豪华房,协议公司,协议公司,7,520,3640,1,0,
2026-05-11,豪华房,会员,会员,3,740,2220,0,0,
2026-05-11,行政房,散客直销,商务散客,15,930,13950,2,1,
2026-05-11,行政房,会议团队,会议团队,9,830,7470,1,1,互联网峰会
2026-05-11,行政房,OTA散客,OTA散客,7,900,6300,1,0,
2026-05-11,行政房,协议公司,协议公司,4,800,3200,1,0,
2026-05-11,行政房,会员,会员,1,1100,1100,0,0,
2026-05-11,套房,散客直销,商务散客,5,1520,7600,0,0,
2026-05-11,套房,会议团队,会议团队,3,1170,3510,0,0,
2026-05-11,套房,OTA散客,OTA散客,2,1460,2920,0,0,
2026-05-11,套房,协议公司,协议公司,1,1110,1110,0,0,
2026-05-12,高级房,散客直销,商务散客,50,520,26000,7,2,
2026-05-12,高级房,会议团队,会议团队,29,410,11890,4,2,新能源汽车发布会
2026-05-12,高级房,OTA散客,OTA散客,24,430,10320,3,1,
2026-05-12,高级房,协议公司,协议公司,12,360,4320,2,1,
2026-05-12,高级房,会员,会员,5,540,2700,1,0,
2026-05-12,豪华房,散客直销,商务散客,30,680,20400,4,1,
2026-05-12,豪华房,会议团队,会议团队,17,560,9520,2,1,医疗器械论坛
2026-05-12,豪华房,OTA散客,OTA散客,14,660,9240,2,1,
2026-05-12,豪华房,协议公司,协议公司,7,540,3780,1,0,
2026-05-12,豪华房,会员,会员,3,710,2130,0,0,
2026-05-12,行政房,散客直销,商务散客,15,1010,15150,2,1,
2026-05-12,行政房,会议团队,会议团队,9,840,7560,1,0,新能源汽车发布会
2026-05-12,行政房,OTA散客,OTA散客,7,880,6160,1,0,
2026-05-12,行政房,协议公司,协议公司,4,790,3160,0,0,
2026-05-12,行政房,会员,会员,1,1090,1090,0,0,
2026-05-12,套房,散客直销,商务散客,5,1490,7450,0,0,
2026-05-12,套房,会议团队,会议团队,3,1270,3810,0,0,
2026-05-12,套房,OTA散客,OTA散客,2,1390,2780,0,0,
2026-05-12,套房,协议公司,协议公司,1,1130,1130,0,0,
2026-05-13,高级房,散客直销,商务散客,51,510,26010,7,1,
2026-05-13,高级房,会议团队,会议团队,29,410,11890,4,1,互联网峰会
2026-05-13,高级房,OTA散客,OTA散客,24,440,10560,2,1,
2026-05-13,高级房,协议公司,协议公司,12,380,4560,2,1,
2026-05-13,高级房,会员,会员,5,520,2600,1,0,
2026-05-13,豪华房,散客直销,商务散客,31,700,21700,3,1,
2026-05-13,豪华房,会议团队,会议团队,18,560,10080,3,1,新能源汽车发布会
2026-05-13,豪华房,OTA散客,OTA散客,15,610,9150,2,1,
2026-05-13,豪华房,协议公司,协议公司,7,570,3990,1,0,
2026-05-13,豪华房,会员,会员,3,770,2310,0,0,
2026-05-13,行政房,散客直销,商务散客,15,1030,15450,2,1,
2026-05-13,行政房,会议团队,会议团队,9,810,7290,1,0,纺织面料展团
2026-05-13,行政房,OTA散客,OTA散客,7,910,6370,1,0,
2026-05-13,行政房,协议公司,协议公司,4,800,3200,0,0,
2026-05-13,行政房,会员,会员,1,1110,1110,0,0,
2026-05-13,套房,散客直销,商务散客,5,1540,7700,1,0,
2026-05-13,套房,会议团队,会议团队,3,1300,3900,0,0,
2026-05-13,套房,OTA散客,OTA散客,2,1350,2700,0,0,
2026-05-13,套房,协议公司,协议公司,1,1150,1150,0,0,
2026-05-14,高级房,散客直销,商务散客,52,530,27560,7,3,
2026-05-14,高级房,会议团队,会议团队,30,390,11700,3,1,医疗器械论坛
2026-05-14,高级房,OTA散客,OTA散客,25,460,11500,4,1,
2026-05-14,高级房,协议公司,协议公司,12,410,4920,2,0,
2026-05-14,高级房,会员,会员,5,540,2700,1,0,
2026-05-14,豪华房,散客直销,商务散客,31,720,22320,3,1,
2026-05-14,豪华房,会议团队,会议团队,18,560,10080,2,1,省级经销商大会
2026-05-14,豪华房,OTA散客,OTA散客,15,610,9150,2,1,
2026-05-14,豪华房,协议公司,协议公司,7,580,4060,1,0,
2026-05-14,豪华房,会员,会员,3,760,2280,0,0,
2026-05-14,行政房,散客直销,商务散客,16,1060,16960,1,0,
2026-05-14,行政房,会议团队,会议团队,9,790,7110,1,0,新能源汽车发布会
2026-05-14,行政房,OTA散客,OTA散客,7,980,6860,1,0,
2026-05-14,行政房,协议公司,协议公司,4,750,3000,0,0,
2026-05-14,行政房,会员,会员,1,1050,1050,0,0,
2026-05-14,套房,散客直销,商务散客,5,1510,7550,1,0,
2026-05-14,套房,会议团队,会议团队,3,1250,3750,0,0,
2026-05-14,套房,OTA散客,OTA散客,2,1450,2900,0,0,
2026-05-14,套房,协议公司,协议公司,1,1180,1180,0,0,
2026-05-15,高级房,散客直销,商务散客,56,520,29120,6,2,
2026-05-15,高级房,会议团队,会议团队,32,420,13440,3,1,金融培训营
2026-05-15,高级房,OTA散客,OTA散客,27,480,12960,3,1,
2026-05-15,高级房,协议公司,协议公司,13,400,5200,1,0,
2026-05-15,高级房,会员,会员,5,540,2700,1,0,
2026-05-15,豪华房,散客直销,商务散客,34,750,25500,4,1,
2026-05-15,豪华房,会议团队,会议团队,19,600,11400,2,1,婚宴统筹公司
2026-05-15,豪华房,OTA散客,OTA散客,16,670,10720,2,1,
2026-05-15,豪华房,协议公司,协议公司,8,610,4880,1,0,
2026-05-15,豪华房,会员,会员,3,830,2490,0,0,
2026-05-15,行政房,散客直销,商务散客,17,1070,18190,2,1,
2026-05-15,行政房,会议团队,会议团队,10,910,9100,1,0,华贸集团年会
2026-05-15,行政房,OTA散客,OTA散客,8,1030,8240,1,0,
2026-05-15,行政房,协议公司,协议公司,4,840,3360,1,0,
2026-05-15,行政房,会员,会员,2,1090,2180,0,0,
2026-05-15,套房,散客直销,商务散客,6,1590,9540,1,0,
2026-05-15,套房,会议团队,会议团队,3,1390,4170,0,0,
2026-05-15,套房,OTA散客,OTA散客,3,1560,4680,0,0,
2026-05-15,套房,协议公司,协议公司,1,1280,1280,0,0,
2026-05-15,套房,会员,会员,1,1800,1800,0,0,
2026-05-16,高级房,散客直销,商务散客,58,560,32480,7,3,
2026-05-16,高级房,会议团队,会议团队,33,460,15180,4,1,华贸集团年会
2026-05-16,高级房,OTA散客,OTA散客,28,550,15400,4,1,
2026-05-16,高级房,协议公司,协议公司,14,420,5880,1,0,
2026-05-16,高级房,会员,会员,6,570,3420,1,0,
2026-05-16,豪华房,散客直销,商务散客,35,790,27650,5,1,
2026-05-16,豪华房,会议团队,会议团队,20,630,12600,3,1,金融培训营
2026-05-16,豪华房,OTA散客,OTA散客,17,750,12750,2,0,
2026-05-16,豪华房,协议公司,协议公司,8,630,5040,1,0,
2026-05-16,豪华房,会员,会员,3,840,2520,0,0,
2026-05-16,行政房,散客直销,商务散客,17,1200,20400,3,1,
2026-05-16,行政房,会议团队,会议团队,10,970,9700,1,0,金融培训营
2026-05-16,行政房,OTA散客,OTA散客,8,1030,8240,1,0,
2026-05-16,行政房,协议公司,协议公司,4,880,3520,1,0,
2026-05-16,行政房,会员,会员,2,1130,2260,0,0,
2026-05-16,套房,散客直销,商务散客,6,1780,10680,1,0,
2026-05-16,套房,会议团队,会议团队,3,1490,4470,0,0,
2026-05-16,套房,OTA散客,OTA散客,3,1500,4500,0,0,
2026-05-16,套房,协议公司,协议公司,1,1310,1310,0,0,
2026-05-16,套房,会员,会员,1,1860,1860,0,0,
2026-05-17,高级房,散客直销,商务散客,53,520,27560,5,2,
2026-05-17,高级房,会议团队,会议团队,30,420,12600,4,1,金融培训营
2026-05-17,高级房,OTA散客,OTA散客,25,430,10750,3,1,
2026-05-17,高级房,协议公司,协议公司,13,400,5200,1,0,
2026-05-17,高级房,会员,会员,5,510,2550,1,0,
2026-05-17,豪华房,散客直销,商务散客,32,740,23680,4,1,
2026-05-17,豪华房,会议团队,会议团队,18,580,10440,2,1,医疗器械论坛
2026-05-17,豪华房,OTA散客,OTA散客,15,670,10050,2,0,
2026-05-17,豪华房,协议公司,协议公司,8,560,4480,1,0,
2026-05-17,豪华房,会员,会员,3,720,2160,0,0,
2026-05-17,行政房,散客直销,商务散客,16,960,15360,2,1,
2026-05-17,行政房,会议团队,会议团队,9,840,7560,1,0,互联网峰会
2026-05-17,行政房,OTA散客,OTA散客,8,950,7600,1,0,
2026-05-17,行政房,协议公司,协议公司,4,770,3080,1,0,
2026-05-17,行政房,会员,会员,2,1020,2040,0,0,
2026-05-17,套房,散客直销,商务散客,5,1580,7900,1,0,
2026-05-17,套房,会议团队,会议团队,3,1300,3900,0,0,
2026-05-17,套房,OTA散客,OTA散客,3,1430,4290,0,0,
2026-05-17,套房,协议公司,协议公司,1,1220,1220,0,0,
2026-05-17,套房,会员,会员,1,1580,1580,0,0,
2026-05-18,高级房,散客直销,商务散客,51,470,23970,8,2,
2026-05-18,高级房,会议团队,会议团队,29,420,12180,4,1,省级经销商大会
2026-05-18,高级房,OTA散客,OTA散客,24,440,10560,4,1,
2026-05-18,高级房,协议公司,协议公司,12,360,4320,1,0,
2026-05-18,高级房,会员,会员,5,540,2700,1,0,
2026-05-18,豪华房,散客直销,商务散客,30,710,21300,3,2,
2026-05-18,豪华房,会议团队,会议团队,17,590,10030,2,1,金融培训营
2026-05-18,豪华房,OTA散客,OTA散客,15,630,9450,2,1,
2026-05-18,豪华房,协议公司,协议公司,7,550,3850,1,0,
2026-05-18,豪华房,会员,会员,3,730,2190,0,0,
2026-05-18,行政房,散客直销,商务散客,15,960,14400,2,0,
2026-05-18,行政房,会议团队,会议团队,9,860,7740,1,0,新能源汽车发布会
2026-05-18,行政房,OTA散客,OTA散客,7,870,6090,1,0,
2026-05-18,行政房,协议公司,协议公司,4,810,3240,1,0,
2026-05-18,行政房,会员,会员,1,1090,1090,0,0,
2026-05-18,套房,散客直销,商务散客,5,1410,7050,0,0,
2026-05-18,套房,会议团队,会议团队,3,1160,3480,0,0,
2026-05-18,套房,OTA散客,OTA散客,2,1440,2880,0,0,
2026-05-18,套房,协议公司,协议公司,1,1210,1210,0,0,
2026-05-19,高级房,散客直销,商务散客,50,520,26000,8,2,
2026-05-19,高级房,会议团队,会议团队,29,420,12180,4,2,华贸集团年会
2026-05-19,高级房,OTA散客,OTA散客,24,450,10800,3,1,
2026-05-19,高级房,协议公司,协议公司,12,360,4320,1,0,
2026-05-19,高级房,会员,会员,5,510,2550,0,0,
2026-05-19,豪华房,散客直销,商务散客,30,680,20400,4,1,
2026-05-19,豪华房,会议团队,会议团队,17,580,9860,2,0,华贸集团年会
2026-05-19,豪华房,OTA散客,OTA散客,14,630,8820,1,0,
2026-05-19,豪华房,协议公司,协议公司,7,540,3780,1,0,
2026-05-19,豪华房,会员,会员,3,750,2250,0,0,
2026-05-19,行政房,散客直销,商务散客,15,970,14550,1,0,
2026-05-19,行政房,会议团队,会议团队,9,840,7560,1,0,新能源汽车发布会
2026-05-19,行政房,OTA散客,OTA散客,7,940,6580,1,0,
2026-05-19,行政房,协议公司,协议公司,4,820,3280,1,0,
2026-05-19,行政房,会员,会员,1,1000,1000,0,0,
2026-05-19,套房,散客直销,商务散客,5,1480,7400,1,0,
2026-05-19,套房,会议团队,会议团队,3,1280,3840,0,0,
2026-05-19,套房,OTA散客,OTA散客,2,1330,2660,0,0,
2026-05-19,套房,协议公司,协议公司,1,1210,1210,0,0,
2026-05-20,高级房,散客直销,商务散客,51,520,26520,7,2,
2026-05-20,高级房,会议团队,会议团队,29,400,11600,4,1,医疗器械论坛
2026-05-20,高级房,OTA散客,OTA散客,24,450,10800,4,1,
2026-05-20,高级房,协议公司,协议公司,12,400,4800,2,0,
2026-05-20,高级房,会员,会员,5,530,2650,1,0,
2026-05-20,豪华房,散客直销,商务散客,31,710,22010,4,2,
2026-05-20,豪华房,会议团队,会议团队,18,540,9720,2,1,纺织面料展团
2026-05-20,豪华房,OTA散客,OTA散客,15,650,9750,2,0,
2026-05-20,豪华房,协议公司,协议公司,7,550,3850,1,0,
2026-05-20,豪华房,会员,会员,3,750,2250,0,0,
2026-05-20,行政房,散客直销,商务散客,15,1030,15450,2,0,
2026-05-20,行政房,会议团队,会议团队,9,830,7470,1,0,省级经销商大会
2026-05-20,行政房,OTA散客,OTA散客,7,950,6650,1,0,
2026-05-20,行政房,协议公司,协议公司,4,780,3120,0,0,
2026-05-20,行政房,会员,会员,1,1090,1090,0,0,
2026-05-20,套房,散客直销,商务散客,5,1450,7250,1,0,
2026-05-20,套房,会议团队,会议团队,3,1190,3570,0,0,
2026-05-20,套房,OTA散客,OTA散客,2,1390,2780,0,0,
2026-05-20,套房,协议公司,协议公司,1,1180,1180,0,0,
2026-05-21,高级房,散客直销,商务散客,52,470,24440,5,2,
2026-05-21,高级房,会议团队,会议团队,30,420,12600,3,1,纺织面料展团
2026-05-21,高级房,OTA散客,OTA散客,25,470,11750,4,1,
2026-05-21,高级房,协议公司,协议公司,12,400,4800,1,1,
2026-05-21,高级房,会员,会员,5,560,2800,1,0,
2026-05-21,豪华房,散客直销,商务散客,31,700,21700,4,2,
2026-05-21,豪华房,会议团队,会议团队,18,600,10800,1,0,新能源汽车发布会
2026-05-21,豪华房,OTA散客,OTA散客,15,660,9900,2,1,
2026-05-21,豪华房,协议公司,协议公司,7,540,3780,1,0,
2026-05-21,豪华房,会员,会员,3,720,2160,0,0,
2026-05-21,行政房,散客直销,商务散客,16,990,15840,2,1,
2026-05-21,行政房,会议团队,会议团队,9,780,7020,1,0,华贸集团年会
2026-05-21,行政房,OTA散客,OTA散客,7,960,6720,1,0,
2026-05-21,行政房,协议公司,协议公司,4,770,3080,0,0,
2026-05-21,行政房,会员,会员,1,1100,1100,0,0,
2026-05-21,套房,散客直销,商务散客,5,1490,7450,1,0,
2026-05-21,套房,会议团队,会议团队,3,1320,3960,0,0,
2026-05-21,套房,OTA散客,OTA散客,2,1340,2680,0,0,
2026-05-21,套房,协议公司,协议公司,1,1250,1250,0,0,
2026-05-22,高级房,散客直销,商务散客,56,530,29680,6,1,
2026-05-22,高级房,会议团队,会议团队,32,420,13440,3,1,婚宴统筹公司
2026-05-22,高级房,OTA散客,OTA散客,27,470,12690,3,2,
2026-05-22,高级房,协议公司,协议公司,13,400,5200,1,0,
2026-05-22,高级房,会员,会员,5,570,2850,1,0,
2026-05-22,豪华房,散客直销,商务散客,34,760,25840,5,1,
2026-05-22,豪华房,会议团队,会议团队,19,580,11020,2,1,医疗器械论坛
2026-05-22,豪华房,OTA散客,OTA散客,16,700,11200,2,1,
2026-05-22,豪华房,协议公司,协议公司,8,580,4640,1,0,
2026-05-22,豪华房,会员,会员,3,820,2460,0,0,
2026-05-22,行政房,散客直销,商务散客,17,1090,18530,2,1,
2026-05-22,行政房,会议团队,会议团队,10,910,9100,1,1,省级经销商大会
2026-05-22,行政房,OTA散客,OTA散客,8,980,7840,1,0,
2026-05-22,行政房,协议公司,协议公司,4,850,3400,0,0,
2026-05-22,行政房,会员,会员,2,1060,2120,0,0,
2026-05-22,套房,散客直销,商务散客,6,1670,10020,1,0,
2026-05-22,套房,会议团队,会议团队,3,1310,3930,0,0,
2026-05-22,套房,OTA散客,OTA散客,3,1450,4350,0,0,
2026-05-22,套房,协议公司,协议公司,1,1340,1340,0,0,
2026-05-22,套房,会员,会员,1,1810,1810,0,0,
2026-05-23,高级房,散客直销,商务散客,58,540,31320,5,3,
2026-05-23,高级房,会议团队,会议团队,33,470,15510,3,2,金融培训营
2026-05-23,高级房,OTA散客,OTA散客,28,540,15120,3,1,
2026-05-23,高级房,协议公司,协议公司,14,440,6160,2,0,
2026-05-23,高级房,会员,会员,6,600,3600,1,0,
2026-05-23,豪华房,散客直销,商务散客,35,790,27650,4,1,
2026-05-23,豪华房,会议团队,会议团队,20,670,13400,2,0,互联网峰会
2026-05-23,豪华房,OTA散客,OTA散客,17,750,12750,1,1,
2026-05-23,豪华房,协议公司,协议公司,8,640,5120,1,0,
2026-05-23,豪华房,会员,会员,3,870,2610,0,0,
2026-05-23,行政房,散客直销,商务散客,17,1180,20060,3,1,
2026-05-23,行政房,会议团队,会议团队,10,950,9500,1,0,互联网峰会
2026-05-23,行政房,OTA散客,OTA散客,8,1070,8560,1,0,
2026-05-23,行政房,协议公司,协议公司,4,870,3480,0,0,
2026-05-23,行政房,会员,会员,2,1250,2500,0,0,
2026-05-23,套房,散客直销,商务散客,6,1680,10080,1,0,
2026-05-23,套房,会议团队,会议团队,3,1330,3990,0,0,
2026-05-23,套房,OTA散客,OTA散客,3,1550,4650,0,0,
2026-05-23,套房,协议公司,协议公司,1,1290,1290,0,0,
2026-05-23,套房,会员,会员,1,1910,1910,0,0,
2026-05-24,高级房,散客直销,商务散客,53,510,27030,6,3,
2026-05-24,高级房,会议团队,会议团队,30,420,12600,3,1,医疗器械论坛
2026-05-24,高级房,OTA散客,OTA散客,25,460,11500,3,1,
2026-05-24,高级房,协议公司,协议公司,13,400,5200,2,1,
2026-05-24,高级房,会员,会员,5,510,2550,1,0,
2026-05-24,豪华房,散客直销,商务散客,32,660,21120,5,2,
2026-05-24,豪华房,会议团队,会议团队,18,600,10800,2,1,金融培训营
2026-05-24,豪华房,OTA散客,OTA散客,15,620,9300,1,1,
2026-05-24,豪华房,协议公司,协议公司,8,580,4640,1,0,
2026-05-24,豪华房,会员,会员,3,730,2190,0,0,
2026-05-24,行政房,散客直销,商务散客,16,950,15200,2,0,
2026-05-24,行政房,会议团队,会议团队,9,790,7110,1,0,金融培训营
2026-05-24,行政房,OTA散客,OTA散客,8,980,7840,1,0,
2026-05-24,行政房,协议公司,协议公司,4,800,3200,0,0,
2026-05-24,行政房,会员,会员,2,1070,2140,0,0,
2026-05-24,套房,散客直销,商务散客,5,1590,7950,1,0,
2026-05-24,套房,会议团队,会议团队,3,1280,3840,0,0,
2026-05-24,套房,OTA散客,OTA散客,3,1370,4110,0,0,
2026-05-24,套房,协议公司,协议公司,1,1230,1230,0,0,
2026-05-24,套房,会员,会员,1,1580,1580,0,0,
2026-05-25,高级房,散客直销,商务散客,51,470,23970,7,2,
2026-05-25,高级房,会议团队,会议团队,29,410,11890,3,2,互联网峰会
2026-05-25,高级房,OTA散客,OTA散客,24,470,11280,3,1,
2026-05-25,高级房,协议公司,协议公司,12,390,4680,1,0,
2026-05-25,高级房,会员,会员,5,530,2650,1,0,
2026-05-25,豪华房,散客直销,商务散客,30,720,21600,3,1,
2026-05-25,豪华房,会议团队,会议团队,17,550,9350,2,1,金融培训营
2026-05-25,豪华房,OTA散客,OTA散客,15,640,9600,2,1,
2026-05-25,豪华房,协议公司,协议公司,7,540,3780,1,0,
2026-05-25,豪华房,会员,会员,3,740,2220,0,0,
2026-05-25,行政房,散客直销,商务散客,15,1000,15000,2,1,
2026-05-25,行政房,会议团队,会议团队,9,800,7200,1,0,华贸集团年会
2026-05-25,行政房,OTA散客,OTA散客,7,870,6090,1,0,
2026-05-25,行政房,协议公司,协议公司,4,770,3080,1,0,
2026-05-25,行政房,会员,会员,1,1030,1030,0,0,
2026-05-25,套房,散客直销,商务散客,5,1580,7900,1,0,
2026-05-25,套房,会议团队,会议团队,3,1200,3600,0,0,
2026-05-25,套房,OTA散客,OTA散客,2,1430,2860,0,0,
2026-05-25,套房,协议公司,协议公司,1,1180,1180,0,0,
2026-05-26,高级房,散客直销,商务散客,50,510,25500,5,3,
2026-05-26,高级房,会议团队,会议团队,29,390,11310,3,1,金融培训营
2026-05-26,高级房,OTA散客,OTA散客,24,470,11280,3,1,
2026-05-26,高级房,协议公司,协议公司,12,380,4560,1,0,
2026-05-26,高级房,会员,会员,5,510,2550,1,0,
2026-05-26,豪华房,散客直销,商务散客,30,680,20400,3,1,
2026-05-26,豪华房,会议团队,会议团队,17,600,10200,3,0,互联网峰会
2026-05-26,豪华房,OTA散客,OTA散客,14,660,9240,2,0,
2026-05-26,豪华房,协议公司,协议公司,7,540,3780,1,0,
2026-05-26,豪华房,会员,会员,3,750,2250,0,0,
2026-05-26,行政房,散客直销,商务散客,15,970,14550,1,0,
2026-05-26,行政房,会议团队,会议团队,9,830,7470,1,0,纺织面料展团
2026-05-26,行政房,OTA散客,OTA散客,7,880,6160,1,0,
2026-05-26,行政房,协议公司,协议公司,4,730,2920,1,0,
2026-05-26,行政房,会员,会员,1,1070,1070,0,0,
2026-05-26,套房,散客直销,商务散客,5,1580,7900,1,0,
2026-05-26,套房,会议团队,会议团队,3,1170,3510,0,0,
2026-05-26,套房,OTA散客,OTA散客,2,1440,2880,0,0,
2026-05-26,套房,协议公司,协议公司,1,1160,1160,0,0,
2026-05-27,高级房,散客直销,商务散客,51,500,25500,6,2,
2026-05-27,高级房,会议团队,会议团队,29,410,11890,3,2,纺织面料展团
2026-05-27,高级房,OTA散客,OTA散客,24,470,11280,3,0,
2026-05-27,高级房,协议公司,协议公司,12,370,4440,1,1,
2026-05-27,高级房,会员,会员,5,510,2550,1,0,
2026-05-27,豪华房,散客直销,商务散客,31,690,21390,3,1,
2026-05-27,豪华房,会议团队,会议团队,18,560,10080,2,0,新能源汽车发布会
2026-05-27,豪华房,OTA散客,OTA散客,15,640,9600,1,1,
2026-05-27,豪华房,协议公司,协议公司,7,540,3780,1,0,
2026-05-27,豪华房,会员,会员,3,750,2250,0,0,
2026-05-27,行政房,散客直销,商务散客,15,1020,15300,1,1,
2026-05-27,行政房,会议团队,会议团队,9,800,7200,1,0,省级经销商大会
2026-05-27,行政房,OTA散客,OTA散客,7,950,6650,1,0,
2026-05-27,行政房,协议公司,协议公司,4,830,3320,0,0,
2026-05-27,行政房,会员,会员,1,1070,1070,0,0,
2026-05-27,套房,散客直销,商务散客,5,1560,7800,1,0,
2026-05-27,套房,会议团队,会议团队,3,1180,3540,0,0,
2026-05-27,套房,OTA散客,OTA散客,2,1370,2740,0,0,
2026-05-27,套房,协议公司,协议公司,1,1170,1170,0,0,
2026-05-28,高级房,散客直销,商务散客,52,520,27040,7,2,
2026-05-28,高级房,会议团队,会议团队,30,430,12900,5,1,金融培训营
2026-05-28,高级房,OTA散客,OTA散客,25,440,11000,4,1,
2026-05-28,高级房,协议公司,协议公司,12,390,4680,1,0,
2026-05-28,高级房,会员,会员,5,550,2750,1,0,
2026-05-28,豪华房,散客直销,商务散客,31,710,22010,4,2,
2026-05-28,豪华房,会议团队,会议团队,18,550,9900,2,0,医疗器械论坛
2026-05-28,豪华房,OTA散客,OTA散客,15,650,9750,2,1,
2026-05-28,豪华房,协议公司,协议公司,7,530,3710,1,0,
2026-05-28,豪华房,会员,会员,3,750,2250,0,0,
2026-05-28,行政房,散客直销,商务散客,16,1020,16320,2,0,
2026-05-28,行政房,会议团队,会议团队,9,800,7200,1,0,金融培训营
2026-05-28,行政房,OTA散客,OTA散客,7,900,6300,1,0,
2026-05-28,行政房,协议公司,协议公司,4,790,3160,1,0,
2026-05-28,行政房,会员,会员,1,1030,1030,0,0,
2026-05-28,套房,散客直销,商务散客,5,1620,8100,1,0,
2026-05-28,套房,会议团队,会议团队,3,1280,3840,0,0,
2026-05-28,套房,OTA散客,OTA散客,2,1380,2760,0,0,
2026-05-28,套房,协议公司,协议公司,1,1180,1180,0,0,
2026-05-29,高级房,散客直销,商务散客,56,510,28560,8,3,
2026-05-29,高级房,会议团队,会议团队,32,430,13760,5,1,婚宴统筹公司
2026-05-29,高级房,OTA散客,OTA散客,27,460,12420,3,1,
2026-05-29,高级房,协议公司,协议公司,13,410,5330,1,0,
2026-05-29,高级房,会员,会员,5,530,2650,1,0,
2026-05-29,豪华房,散客直销,商务散客,34,790,26860,4,1,
2026-05-29,豪华房,会议团队,会议团队,19,630,11970,2,0,纺织面料展团
2026-05-29,豪华房,OTA散客,OTA散客,16,690,11040,1,1,
2026-05-29,豪华房,协议公司,协议公司,8,560,4480,1,0,
2026-05-29,豪华房,会员,会员,3,800,2400,0,0,
2026-05-29,行政房,散客直销,商务散客,17,1020,17340,2,1,
2026-05-29,行政房,会议团队,会议团队,10,930,9300,1,0,金融培训营
2026-05-29,行政房,OTA散客,OTA散客,8,940,7520,1,0,
2026-05-29,行政房,协议公司,协议公司,4,830,3320,1,0,
2026-05-29,行政房,会员,会员,2,1190,2380,0,0,
2026-05-29,套房,散客直销,商务散客,6,1700,10200,1,0,
2026-05-29,套房,会议团队,会议团队,3,1290,3870,0,0,
2026-05-29,套房,OTA散客,OTA散客,3,1580,4740,0,0,
2026-05-29,套房,协议公司,协议公司,1,1220,1220,0,0,
2026-05-29,套房,会员,会员,1,1710,1710,0,0,
